Time,Position+AF8-x,Position+AF8-y,Metrics
3.6046321392,1,0,0
5.6321949959,2,0,0
7.6200499535,3,0,0
9.6385030746,4,0,0
11.6627929211,5,0,0
13.6488540173,6,0,0
14.6181440353,6,+AC0-1,0
15.647151947,7,+AC0-1,0
18.6911349297,8,+AC0-1,0
20.6976420879,9,+AC0-1,0
21.6912329197,9,+AC0-2,0
22.6705989838,10,+AC0-2,0
24.6786580086,11,+AC0-2,0
26.6893610954,12,+AC0-2,0
27.7224550247,12,+AC0-3,0
28.7297210693,13,+AC0-3,0
30.7197849751,14,+AC0-3,0
32.740170002,14,+AC0-4,0
33.7827320099,15,+AC0-4,0
58.9519360065,15,+AC0-3,0
60.9566371441,15,+AC0-2,0
62.979362011,15,+AC0-1,0
64.979195118,15,0,0
69.0058119297,15,1,0
71.0203020573,15,2,0
72.9578740597,15,3,0
75.0040290356,15,4,0
78.0030200481,15,5,0
80.9993419647,15,6,0
84.0177919865,15,7,0
87.0512170792,15,8,0
89.0228629112,15,9,0
92.0434091091,15,10,0
94.0671570301,15,11,0
96.0635809898,15,12,0
98.0516400337,14,12,0
99.0510311127,14,13,0
101.0619039536,14,14,0
103.0402760506,14,15,0
105.0626299381,14,16,0
108.0829250813,14,17,0
110.0565950871,14,18,0
113.0891969204,14,19,0
115.100880146,14,20,0
117.0824539661,14,21,0
119.1107361317,14,22,0
122.0974879265,14,23,0
125.1203770638,14,24,0.00078284
127.1209950447,14,25,0.0012447
129.1040711403,14,26,0.0019361
132.1322360039,14,27,0.0029460001
135.1384470463,13,28,0.0127609996
137.122592926,13,29,0.0183390006
139.1388881207,13,30,0.0257820003
141.1438801289,13,31,0.0354579985
143.1515641212,13,32,0.0477060005
145.1397719383,13,33,0.0627890006
147.1536030769,13,34,0.0808449984
151.1759269238,13,35,0.1018299982
154.1863319874,13,36,0.1254699975
156.1783659458,13,37,0.1512500048
158.1585049629,13,38,0.1783500016
161.1916811466,13,39,0.2057400048
163.1824231148,13,40,0.2321700007
164.2177970409,12,40,0.5281900167
166.1821141243,12,41,0.5754600167
168.2297339439,12,42,0.6133300066
187.2495689392,11,42,1.2446000576
191.2327690125,10,42,2.3131999969
194.318723917,9,42,3.9372999668
197.286618948,8,42,6.1377000809
200.2718799114,7,42,8.7625999451
203.2586359978,6,42,11.4569997787
205.2777559757,5,42,13.720000267
207.3049089909,4,42,15.0469999313
209.273266077,3,42,15.1129999161
212.3208360672,2,42,13.9020004272
215.3735420704,1,42,11.7119998932
218.3991501331,0,42,9.0363998413
223.4037139416,+AC0-1,42,6.3853998184
226.4021990299,+AC0-2,42,4.1322999001
229.389605999,+AC0-3,42,2.4491999149
232.4432759285,+AC0-4,42,1.3294999599
235.3939840794,+AC0-5,42,0.6609200239
237.4220120907,+AC0-6,42,0.300909996
240.4450080395,+AC0-7,42,0.1254699975
243.4345579147,+AC0-8,42,0.0479159988
246.423322916,+AC0-9,42,0.0167590007
248.4427120686,+AC0-10,42,0.0053678998
251.4513790607,+AC0-11,42,0.0015747
254.5038261414,+AC0-12,42,0.00042307
257.4631850719,+AC0-13,42,0
260.473484993,+AC0-14,42,0
263.4679310322,+AC0-15,42,0
281.5313429832,+AC0-15,41,0
284.5409519672,+AC0-15,40,0
287.5314221382,+AC0-15,39,0
289.5484099388,+AC0-15,38,0
292.5782830715,+AC0-15,37,0
294.5447700024,+AC0-15,36,0
297.5880429745,+AC0-15,35,0
299.5726850033,+AC0-15,34,0
301.5766029358,+AC0-15,33,0
303.5653419495,+AC0-15,32,0
306.5608699322,+AC0-15,31,0
307.6126260757,+AC0-14,31,0
308.5773179531,+AC0-14,30,0
310.5509970188,+AC0-14,29,0
312.5787620544,+AC0-14,28,0
315.5756731033,+AC0-14,27,0
318.5748300552,+AC0-14,26,0
320.6018950939,+AC0-14,25,0
322.6022789478,+AC0-14,24,0
325.5777039528,+AC0-14,23,0
327.5869829655,+AC0-14,22,0
330.6300089359,+AC0-14,21,0
332.6233530045,+AC0-14,20,0
335.6028299332,+AC0-14,19,0
337.6365001202,+AC0-14,18,0
339.6614339352,+AC0-14,17,0
341.7215299606,+AC0-14,16,0
344.7145941257,+AC0-14,15,0
346.6938319206,+AC0-14,14,0
348.7110641003,+AC0-14,13,0
351.7225790024,+AC0-13,12,0
353.736371994,+AC0-13,11,0
357.7725601196,+AC0-13,10,0
359.745028019,+AC0-13,9,0
361.7753391266,+AC0-13,8,0
363.7866480351,+AC0-13,7,0
365.7544181347,+AC0-13,6,0
366.7781400681,+AC0-12,6,0
367.787446022,+AC0-12,5,0
369.7728049755,+AC0-12,4,0
371.7718310356,+AC0-12,3,0
373.7927451134,+AC0-12,2,0
375.7938821316,+AC0-12,1,0
377.7977781296,+AC0-12,0,0
383.8187870979,+AC0-12,+AC0-1,0
385.8081541061,+AC0-12,+AC0-2,0
387.8897399902,+AC0-12,+AC0-3,0
390.8752989769,+AC0-12,+AC0-4,0
392.8808450699,+AC0-12,+AC0-5,0
396.038672924,+AC0-12,+AC0-6,0
398.0198400021,+AC0-12,+AC0-7,0
401.1047270298,+AC0-12,+AC0-8,0
403.1529090405,+AC0-12,+AC0-9,0
405.2089159489,+AC0-12,+AC0-10,0
408.2439880371,+AC0-12,+AC0-11,0
410.2145500183,+AC0-12,+AC0-12,0
412.3338971138,+AC0-12,+AC0-13,0
415.2838470936,+AC0-11,+AC0-14,0
417.2835409641,+AC0-11,+AC0-15,0
419.3055109978,+AC0-11,+AC0-16,0
422.3379459381,+AC0-11,+AC0-17,0
424.3234231472,+AC0-11,+AC0-18,0
441.3826470375,+AC0-10,+AC0-18,0
445.4370779991,+AC0-9,+AC0-18,0
447.4123461246,+AC0-8,+AC0-18,0
449.4204819202,+AC0-7,+AC0-18,0
452.4418151379,+AC0-6,+AC0-17,0
454.5238659382,+AC0-5,+AC0-17,0
457.5056231022,+AC0-4,+AC0-17,0
460.4773290157,+AC0-3,+AC0-17,0
463.4646840096,+AC0-2,+AC0-17,0
466.4924929142,+AC0-1,+AC0-17,0
468.4805109501,0,+AC0-17,0
472.4921839237,1,+AC0-17,0
474.5003039837,2,+AC0-17,0
476.5055699348,3,+AC0-17,0
477.5179729462,3,+AC0-16,0
478.5261869431,4,+AC0-16,0
480.5345959663,5,+AC0-16,0
482.5093729496,6,+AC0-16,0
484.5135121346,7,+AC0-16,0
486.5194759369,8,+AC0-17,0
489.5115110874,9,+AC0-17,0
493.5447080135,10,+AC0-17,0
496.5323109627,11,+AC0-17,0
498.5159609318,12,+AC0-17,0
499.5245399475,12,+AC0-16,0
501.5656559467,13,+AC0-16,0
503.5508289337,14,+AC0-16,0
506.5434470177,15,+AC0-16,0
509.5651829243,16,+AC0-16,0
511.5571870804,17,+AC0-16,0
513.5692031384,18,+AC0-16,0
530.6337349415,18,+AC0-15,0
532.6389000416,18,+AC0-14,0
536.6342129707,18,+AC0-13,0
538.6605050564,18,+AC0-12,0
541.6511731148,18,+AC0-11,0
543.6773269176,18,+AC0-10,0
546.6292550564,18,+AC0-9,0
548.6534249783,18,+AC0-8,0
551.6245629787,18,+AC0-7,0
618.7836499214,18,+AC0-6,0
622.7676551342,18,+AC0-5,0
625.7863669395,18,+AC0-4,0
644.8043100834,17,+AC0-4,0
648.8385081291,16,+AC0-4,0
651.8174829483,15,+AC0-4,0
655.8225960732,14,+AC0-4,0
658.8479030132,13,+AC0-4,0
662.8288149834,12,+AC0-4,0
666.8405981064,11,+AC0-4,0
669.8534021378,10,+AC0-4,0
674.8458890915,9,+AC0-4,0
678.8736341,8,+AC0-4,0
682.8798289299,7,+AC0-3,0
687.862251997,6,+AC0-3,0
691.8786079884,5,+AC0-3,0
696.9015460014,4,+AC0-3,0
700.9049789906,3,+AC0-3,0
705.9011819363,2,+AC0-3,0
710.9272720814,1,+AC0-3,0
715.9236199856,0,+AC0-3,0
723.9343090057,+AC0-1,+AC0-3,0
728.9508531094,+AC0-2,+AC0-2,0
732.9504539967,+AC0-3,+AC0-2,0
737.9749250412,+AC0-4,+AC0-2,0
741.9622130394,+AC0-5,+AC0-2,0
745.9836521149,+AC0-6,+AC0-2,0
750.9960079193,+AC0-7,+AC0-2,0
754.9817559719,+AC0-8,+AC0-2,0
759.9889819622,+AC0-9,+AC0-2,0
764.0003731251,+AC0-10,+AC0-2,0
786.067414999,+AC0-10,+AC0-1,0
789.0306761265,+AC0-10,0,0
815.1084139347,+AC0-9,0,0
818.1132330894,+AC0-8,0,0
821.1194729805,+AC0-7,0,0
826.1258471012,+AC0-6,0,0
831.1364121437,+AC0-5,0,0
835.153924942,+AC0-4,0,0
840.1464319229,+AC0-3,0,0
844.1556799412,+AC0-2,0,0
848.1698470116,+AC0-1,0,0
853.1690371037,0,0,0
861.2422001362,0,+AC0-1,0
862.1851170063,1,+AC0-1,0
865.207159996,2,+AC0-1,0
870.2171640396,3,+AC0-1,0
875.2037270069,4,+AC0-1,0
879.2171099186,5,+AC0-1,0
883.2039599419,6,+AC0-1,0
885.2262721062,6,+AC0-2,0
888.2151710987,7,+AC0-2,0
892.2380800247,8,+AC0-2,0
896.2510509491,9,+AC0-2,0
900.2369849682,10,+AC0-2,0
903.2586500645,11,+AC0-2,0
909.2641849518,12,+AC0-2,0
910.2742490768,12,+AC0-3,0
913.2799520493,13,+AC0-3,0
918.283205986,14,+AC0-3,0
923.3090419769,15,+AC0-3,0
927.2832269669,16,+AC0-3,0
953.3359251022,16,+AC0-2,0
956.3163750172,16,+AC0-1,0
960.3447089195,16,0,0
980.37165308,15,0,0
983.3678519726,14,0,0
987.379199028,13,0,0
990.3885250092,12,0,0
993.3785021305,11,0,0
997.3825161457,10,0,0
1001.4135611057,9,0,0
1005.4271891117,8,0,0
1010.4305899143,7,0,0
1015.4468951225,6,0,0
1019.4252569676,5,0,0
1024.445704937,4,0,0
1028.4571890831,3,0,0
1033.4711000919,2,0,0
1037.4893801212,1,0,0
1041.4554340839,0,0,0
1050.4898610115,+AC0-1,0,0
1053.4731509686,+AC0-2,0,0
1058.4744379521,+AC0-3,0,0
1063.5341179371,+AC0-4,0,0
1068.5011041164,+AC0-5,0,0
1072.5227470398,+AC0-6,0,0
1074.5186839104,+AC0-6,1,0
1076.5239710808,+AC0-7,1,0
1080.5347759724,+AC0-8,1,0
1085.5382769108,+AC0-9,1,0
1090.5554289818,+AC0-10,1,0
1115.5861060619,+AC0-10,2,0
1118.6065149307,+AC0-10,3,0
1121.601829052,+AC0-10,4,0
1144.6328959465,+AC0-9,4,0
1147.6379859448,+AC0-8,4,0
1151.643059969,+AC0-7,4,0
1155.6198990345,+AC0-7,3,0
1156.636038065,+AC0-6,3,0
1159.6334719658,+AC0-5,3,0
1164.6417751312,+AC0-4,3,0
1168.6582570076,+AC0-3,3,0
1172.6605679989,+AC0-2,3,0
1176.6711659432,+AC0-1,3,0
1181.6719760895,0,3,0
1184.6899719238,0,2,0
1190.6749999523,1,2,0
1194.6993401051,2,2,0
1198.6887640953,3,2,0
1204.7010281086,4,2,0
1208.7190089226,5,2,0
1212.7380599976,6,2,0
1214.7301931381,6,1,0
1217.7216479778,7,1,0
1221.7277441025,8,1,0
1226.7254679203,9,1,0
1230.7262051106,10,1,0
1235.7435500622,11,1,0
1239.7593350411,12,1,0
1243.7532060146,13,0,0
1247.7883780003,14,0,0
1251.7898609638,15,0,0
1256.833147049,16,0,0
1279.8433020115,16,1,0
1283.8364100456,16,2,0
1286.8498129845,16,3,0
1306.8684449196,15,3,0
1309.8790159226,14,3,0
1313.8933041096,13,3,0
1316.8862779141,12,3,0
1319.8798499107,11,3,0
1323.897356987,10,3,0
1326.9182610512,9,3,0
1330.9352440834,8,3,0
1335.9361641407,7,3,0
1339.9552600384,6,3,0
1343.960860014,5,3,0
1345.9605340958,5,4,0
1348.9767780304,4,4,0
1353.9701359272,3,4,0
1358.9910709858,2,4,0
1362.9944090843,1,4,0
1366.9965419769,0,4,0
1376.0244660378,+AC0-1,4,0
1380.0290930271,+AC0-2,4,0
1384.0408279896,+AC0-3,4,0
1389.0617899895,+AC0-4,4,0
1392.0785241127,+AC0-4,5,0
1394.0740931034,+AC0-5,5,0
1398.0530090332,+AC0-6,5,0
1402.0899429321,+AC0-7,5,0
1407.0873560906,+AC0-8,5,0
1411.0814380646,+AC0-9,5,0
1416.0826299191,+AC0-10,5,0
1420.0986049175,+AC0-11,5,0
1441.1362760067,+AC0-11,6,0
1444.1416881085,+AC0-11,7,0
1448.1649000645,+AC0-11,8,0
1468.2479550839,+AC0-10,8,0
1472.2771010399,+AC0-9,8,0
1475.2694809437,+AC0-8,8,0
1479.2695541382,+AC0-7,8,0
1483.3457210064,+AC0-6,8,0
1488.3027360439,+AC0-5,7,0
1492.2913579941,+AC0-4,7,0
1497.3152930737,+AC0-3,7,0
1502.3101019859,+AC0-2,7,0
1506.3281760216,+AC0-1,7,0
1510.3344049454,0,7,0
1518.3448300362,0,6,0
1519.3322889805,1,6,0
1524.34176898,2,6,0
1529.3574850559,3,6,0
1534.3416421414,4,6,0
1537.4199039936,5,6,0
1541.4088029862,6,6,0
1546.3926310539,7,6,0
1548.3887619972,7,5,0
1550.3903229237,8,5,0
1555.3981089592,9,5,0
1558.4343340397,10,5,0
1562.4064869881,11,5,0
1567.4294159412,12,5,0
1571.4199659824,13,5,0
1575.4489860535,14,5,0
1577.4427089691,14,4,0
1580.455753088,15,4,0
1585.4497220516,16,4,0
1607.483328104,16,5,0
1610.5019280911,16,6,0
1613.497615099,16,7,0
1634.5411520004,15,7,0
1638.5463240147,14,7,0
1641.5614290238,13,7,0
1645.5538799763,12,7,0
1648.5704131126,11,7,0
1651.5871899128,10,7,0
1656.6057479382,9,7,0
1657.581923008,9,8,0
1661.6145219803,8,8,0
1665.6117470265,7,8,0
1670.6182470322,6,8,0
1674.6252031326,5,8,0
1678.6301660538,4,8,0
1683.6324739456,3,8,0
1687.6397709847,2,8,0
1691.6496829987,1,8,0
1696.6610901356,0,8,0
1703.690844059,0,9,0
1704.6785020828,+AC0-1,9,0
1709.6675429344,+AC0-2,9,0
1713.6817009449,+AC0-3,9,0
1717.6954600811,+AC0-4,9,0
1721.6964039803,+AC0-5,9,0
1726.7040500641,+AC0-6,9,0
1731.6976730824,+AC0-7,9,0
1734.7088940144,+AC0-8,9,0
1738.7242901325,+AC0-9,9,0
1743.7268230915,+AC0-10,9,0
1747.7582609654,+AC0-11,9,0
1749.7736389637,+AC0-11,10,0
1773.7988750935,+AC0-11,11,0
1776.7873749733,+AC0-11,12,0
1780.7984471321,+AC0-11,13,0
1801.8295459747,+AC0-10,12,0
1804.8175230026,+AC0-9,12,0
1808.8282790184,+AC0-8,12,0
1812.8440470696,+AC0-7,12,0
1816.9262909889,+AC0-6,12,0
1820.9210789204,+AC0-5,12,0
1825.9286880493,+AC0-4,12,0
1830.9276559353,+AC0-3,12,0
1832.9285290241,+AC0-3,11,0
1834.9476690292,+AC0-2,11,0
1838.9444141388,+AC0-1,11,0
1842.9531140328,0,11,0
1852.9683151245,1,11,0
1855.9692289829,2,11,0
1860.991410017,3,11,0
1863.9843640328,4,10,0
1868.9779970646,5,10,0
1873.0002679825,6,10,0
1877.9876060486,7,10,0
1883.0163009167,8,10,0
1887.0108320713,9,10,0
1891.0187220574,10,10,0
1896.0473079681,11,9,0
1899.0599761009,12,9,0
1904.05052495,13,9,0
1908.0576140881,14,9,0
1913.053153038,15,9,0
1916.072245121,16,9,0
1942.1274359226,16,10,0
1945.0960299969,16,11,0
1948.1363360882,16,12,0
1967.1279489994,15,12,0
1970.1305141449,14,12,0
1974.1654419899,13,12,0
1977.1413719654,12,12,0
1980.1721141338,12,11,0
1981.1429889202,11,11,0
1985.1542739868,10,11,0
1988.1597750187,9,11,0
1993.1750640869,8,11,0
1997.1866140366,7,11,0
2001.213424921,6,11,0
2006.1906170845,5,11,0
2009.2050280571,4,11,0
2013.2096419335,3,11,0
2017.236823082,2,11,0
2021.2372920513,1,11,0
2025.2375810146,0,11,0
2034.2334389687,+AC0-1,11,0
2038.2460110188,+AC0-2,11,0
2043.2626481056,+AC0-3,11,0
2047.2925019264,+AC0-4,11,0
2051.2975389958,+AC0-5,11,0
2056.2682979107,+AC0-6,11,0
2060.2961249352,+AC0-7,11,0
2064.309992075,+AC0-8,11,0
2068.3149719238,+AC0-9,11,0
2069.3149130344,+AC0-9,10,0
2072.3312449455,+AC0-10,10,0
2077.3464679718,+AC0-11,10,0
2099.3801879883,+AC0-11,11,0
2102.3702471256,+AC0-11,12,0
2106.3975081444,+AC0-11,13,0
2129.4006640911,+AC0-10,13,0
2132.4113669396,+AC0-9,13,0
2135.4273149967,+AC0-8,13,0
2140.411509037,+AC0-7,13,0
2145.4283061028,+AC0-6,13,0
2149.4483771324,+AC0-5,13,0
2154.4513049126,+AC0-4,13,0
2158.4615850449,+AC0-3,13,0
2162.4464149475,+AC0-2,13,0
2167.4600679875,+AC0-1,13,0
2171.4646840096,0,13,0
2179.4882991314,1,13,0
2183.4873111248,2,13,0
2187.4982790947,3,13,0
2192.504034996,4,13,0
2197.5330131054,5,13,0
2201.5368220806,6,13,0
2205.5388219357,7,13,0
2209.5595390797,7,12,0
2210.5691139698,8,12,0
2214.577008009,9,12,0
2219.5820410252,10,12,0
2222.5785970688,11,12,0
2226.5758960247,12,12,0
2230.58613801,13,12,0
2235.6014211178,14,12,0
2239.5959970951,15,12,0
2263.6266651154,15,13,0
2266.6293139458,15,14,0
2270.6426069737,15,15,0
2291.6727640629,14,15,0
2294.7050180435,13,15,0
2298.7227261067,12,15,0
2301.6712441444,11,15,0
2305.6924130917,10,15,0
2309.7032251358,9,15,0
2314.7275149822,8,15,0
2318.7183220387,7,15,0
2323.7434790135,6,15,0
2327.7292039394,5,15,0
2332.7647519112,4,15,0
2336.7325971127,3,14,0
2340.7316920757,2,14,0
2344.7650301457,1,14,0
2349.780007124,0,14,0
2358.7751700878,+AC0-1,14,0
2362.7820060253,+AC0-2,14,0
2366.7862889767,+AC0-3,14,0
2371.8119180203,+AC0-4,14,0
2375.825109005,+AC0-5,14,0
2379.8212220669,+AC0-6,14,0
2383.8317949772,+AC0-7,14,0
2388.8236079216,+AC0-8,14,0
2392.83157897,+AC0-9,14,0
2396.8527879715,+AC0-10,14,0
2401.8466200829,+AC0-11,14,0
2425.8915979862,+AC0-11,15,0
2428.9031660557,+AC0-11,16,0
2431.890264988,+AC0-11,17,0
2452.9357550144,+AC0-10,17,0
2456.9348220825,+AC0-9,17,0
2459.9334390164,+AC0-8,17,0
2463.9553079605,+AC0-7,17,0
2468.9651429653,+AC0-6,17,0
2472.9584429264,+AC0-5,17,0
2476.965223074,+AC0-4,17,0
2481.9689369202,+AC0-3,17,0
2486.9884679318,+AC0-2,17,0
2491.9866080284,+AC0-1,17,0
2494.9766221047,0,16,0
2504.0256979466,1,16,0
2508.0198330879,2,16,0
2512.0137119293,3,16,0
2517.0349709988,4,16,0
2521.0238480568,5,16,0
2526.0152459145,6,16,0
2529.0656080246,7,16,0
2534.0885219574,8,16,0
2538.058273077,9,16,0
2543.0951049328,10,16,0
2547.0965549946,11,16,0
2552.0854370594,12,16,0
2556.0823819637,13,16,0
2560.0766401291,14,16,0
2564.0889401436,15,16,0
2590.1412761211,15,17,0
2593.1350691319,15,18,0
2596.1537029743,15,19,0
2616.1805639267,14,19,0
2619.1915709972,13,19,0
2623.1792750359,12,19,0
2626.1805889607,11,19,0
2631.193062067,10,19,0
2635.2067060471,9,19,0
2639.2142279148,8,19,0
2643.2128269672,7,18,0
2648.2446680069,6,18,0
2652.2432219982,5,18,0
2656.2575030327,4,18,0
2661.2634210587,3,18,0
2666.270029068,2,18,0
2670.2748770714,1,18,0
2674.268928051,0,18,0
2683.3046751022,+AC0-1,18,0
2687.2875230312,+AC0-2,18,0
2691.3082740307,+AC0-3,18,0
2695.3160259724,+AC0-4,18,0
2700.3211240769,+AC0-5,18,0
2703.32427001,+AC0-6,18,0
2708.3284831047,+AC0-7,18,0
2712.340775013,+AC0-8,18,0
2716.3488750458,+AC0-9,18,0
2722.374464035,+AC0-10,18,0
2725.3616800308,+AC0-11,18,0
2730.3885500431,+AC0-12,18,0
2750.4072909355,+AC0-12,19,0
2753.4111709595,+AC0-12,20,0
2757.4088950157,+AC0-12,21,0
2777.468307972,+AC0-11,21,0
2780.4866969586,+AC0-10,21,0
2783.4782149792,+AC0-9,21,0
2787.4762971401,+AC0-8,21,0
2792.4875919819,+AC0-7,21,0
2796.4947609902,+AC0-6,21,0
2800.5033960343,+AC0-5,21,0
2803.5148880482,+AC0-4,21,0
2808.5099899769,+AC0-3,21,0
2813.5258829594,+AC0-2,21,0
2816.5226960182,+AC0-1,21,0
2821.5333731175,0,21,0
2830.5651059151,1,21,0
2834.581651926,2,21,0
2838.5695121288,3,21,0
2842.6011331081,4,21,0
2846.5932090283,5,21,0
2850.6222419739,6,21,0
2855.6042010784,7,21,0
2858.6220829487,8,21,0
2862.6245610714,9,21,0
2866.6391549111,10,21,0
2871.6566340923,11,21,0
2874.6631569862,11,20,0
2875.6615350247,12,20,0
2879.6711339951,13,20,0
2883.6650021076,14,20,0
2888.6767580509,15,20,0
2909.6879861355,15,21,0
2913.7007479668,15,22,0
2916.7080979347,15,23,0
2937.7442610264,14,23,0
2940.7605130673,13,23,0
2943.7610740662,12,23,0
2947.7640249729,11,23,0
2951.7743320465,10,23,0
2955.7868521214,9,23,0
2960.7875599861,8,23,0
2965.8043870926,7,23,0
2969.8004460335,6,23,0
2974.8085830212,5,23,0
2977.8136310577,4,23,0
2982.8352940083,3,23,0
2985.8456890583,2,23,0
2990.8554420471,1,23,0
2994.864428997,0,23,0
3004.8472981453,+AC0-1,23,0
3008.8563249111,+AC0-2,23,0
3012.8642249107,+AC0-3,23,0
3017.8708951473,+AC0-4,23,0
3020.8820049763,+AC0-4,22,0
3021.89321208,+AC0-5,22,0
3026.8890030384,+AC0-6,22,0
3029.8811769486,+AC0-7,22,0
3033.9250221253,+AC0-8,22,0
3038.9244849682,+AC0-9,22,0
3042.9113030434,+AC0-10,22,0
3047.9212751389,+AC0-11,22,0
3070.9802129269,+AC0-11,23,0
3073.9632220268,+AC0-11,24,0.0040695001
3076.9707069397,+AC0-11,25,0.0046533998
3100.0345621109,+AC0-10,25,0.0126769999
3103.0330131054,+AC0-9,25,0.0316289999
3106.0360510349,+AC0-8,25,0.0722730011
3111.0370149613,+AC0-7,25,0.1512500048
3115.0395879746,+AC0-6,25,0.2898800075
3119.0393650532,+AC0-5,25,0.5088199973
3124.0560820103,+AC0-4,25,0.8179600239
3128.0671210289,+AC0-3,25,1.204300046
3133.0772719383,+AC0-2,25,1.6238000393
3137.077119112,+AC0-1,25,2.0051999092
3141.0973460674,0,25,2.2678999901
3150.1054270268,1,25,2.3489999771
3155.1252040863,2,25,2.228399992
3159.127671957,3,25,1.9359999895
3164.1418089867,4,25,1.5404000282
3169.15148592,5,25,1.1224999428
3173.1662509441,6,25,0.7491300106
3177.1619999409,7,25,0.4578799903
3181.1513729096,8,25,0.2563099861
3185.1642501354,9,25,0.131400004
3189.198387146,10,25,0.0616949983
3193.1930840016,11,25,0.0265289992
3196.1889710426,12,25,0.0104480004
3201.1855940819,13,25,0.0037682001
3205.2122309208,14,24,0.00078284
3209.2147059441,15,24,0.00023372
3232.2617580891,15,25,0.00037655
3236.2584841251,15,26,0.00059348
3239.2612259388,15,27,0.00091504
3260.3341119289,14,27,0.0029460001
3264.2981109619,13,27,0.0086864
3267.3013470173,12,27,0.023457
3270.3106780052,11,27,0.0580129996
3275.3120961189,10,27,0.131400004
3280.3221669197,9,27,0.2725799978
3283.3337500095,8,27,0.5178499818
3286.3592190743,7,27,0.9010199904
3291.38083601,6,27,1.4357999563
3295.3850340843,5,27,2.095400095
3299.4038350582,4,27,2.8006000519
3303.3992249966,3,27,3.4282000065
3308.4108860493,2,27,3.8431999683
3310.4100370407,2,26,2.9588000774
3312.4151201248,1,26,3.0782001019
3316.436300993,0,26,2.9328999519
3324.4340970516,+AC0-1,26,2.5592999458
3329.4442310333,+AC0-2,26,2.0453000069
3334.4696700573,+AC0-3,26,1.496999979
3338.4671080113,+AC0-4,26,1.0034999847
3342.4867069721,+AC0-5,26,0.6160299778
3346.4912669659,+AC0-6,26,0.346359998
3350.5309591293,+AC0-7,26,0.1783500016
3354.5047271252,+AC0-8,26,0.0841069967
3359.5438659191,+AC0-9,26,0.0363259986
3363.5546460152,+AC0-10,26,0.0143689997
3367.5635230541,+AC0-11,26,0.0052053002
3372.5587301254,+AC0-12,26,0.001727
3393.564647913,+AC0-12,27,0.0018651
3397.586575985,+AC0-12,28,0.0019704001
3400.5841591358,+AC0-12,29,0.0020365
3419.642414093,+AC0-11,29,0.0063858
3422.6208729744,+AC0-10,29,0.0183390006
3425.6493029595,+AC0-9,29,0.0482329987
3429.6587231159,+AC0-8,29,0.1161800027
3433.631262064,+AC0-7,29,0.2563099861
3438.673030138,+AC0-6,29,0.5178499818
3443.6711189747,+AC0-5,29,0.9581999779
3446.6604340077,+AC0-4,29,1.6238000393
3450.6842679978,+AC0-3,29,2.5202000141
3454.7044351101,+AC0-2,29,3.5822000504
3458.7030661106,+AC0-1,29,4.6633000374
3460.6975669861,+AC0-1,28,3.9028000832
3463.7027380467,0,28,4.5921001434
3472.7272119522,1,28,4.9484000206
3476.7342309952,2,28,4.883600235
3480.7439110279,3,28,4.4140000343
3484.7411839962,4,28,3.6538000107
3489.7451610565,5,28,2.7699999809
3493.7815771103,6,28,1.9232000113
3497.788506031,7,28,1.222900033
3502.777531147,8,28,0.712199986
3505.7766740322,9,28,0.3798500001
3510.7681670189,10,28,0.1855500042
3514.7816231251,11,28,0.083006002
3518.8118550778,12,28,0.034008
3523.8064770699,13,28,0.0127609996
3526.8041989803,14,28,0.0043853
3531.8134529591,15,28,0.0013802
3553.8747980595,15,29,0.0020365
3557.876003027,15,30,0.0029394999
3560.8696250916,15,31,0.0041507999
3562.879472971,14,31,0.0126769999
3583.912555933,13,31,0.0354579985
3586.9234509468,12,31,0.0908320025
3590.9166791439,11,31,0.2131000012
3594.9450180531,10,31,0.4578799903
3598.9613800049,9,31,0.9010199904
3603.9418151379,8,31,1.6238000393
3608.9523119927,7,30,2.1092000008
3612.947480917,6,30,3.230700016
3616.9774301052,5,30,4.531899929
3621.9747469425,4,30,5.8222999573
3625.9786989689,3,30,6.8505997658
3630.9695539475,2,30,7.3821001053
3634.9965679646,1,30,7.2853999138
3638.9960589409,0,30,6.5848999023
3647.0087771416,+AC0-1,30,5.450799942
3651.035556078,+AC0-2,30,4.1322999001
3656.0598940849,+AC0-3,30,2.8691000938
3660.0639331341,+AC0-4,30,1.8243999481
3664.052519083,+AC0-5,30,1.0625
3668.0584471226,+AC0-6,30,0.5666800141
3672.0609719753,+AC0-7,30,0.2768000066
3677.0529870987,+AC0-8,30,0.1238299981
3681.0680360794,+AC0-9,30,0.0507339984
3683.0668570995,+AC0-9,29,0.0482329987
3686.0805330277,+AC0-10,29,0.0183390006
3690.0988550186,+AC0-11,29,0.0063858
3712.0931520462,+AC0-11,30,0.006542
3715.1252920628,+AC0-11,31,0.0065564001
3719.1378130913,+AC0-11,32,0.0064280001
3742.1529231072,+AC0-10,32,0.0192050003
3745.1683330536,+AC0-9,32,0.0525499992
3749.1693339348,+AC0-8,32,0.1316899955
3754.2168579102,+AC0-7,32,0.3022400141
3758.1764061451,+AC0-6,32,0.6352800131
3763.2095589638,+AC0-5,32,1.222900033
3768.1962330341,+AC0-4,32,2.1561000347
3772.2219500542,+AC0-3,32,3.4813001156
3777.2260699272,+AC0-2,32,5.1480998993
3781.2331011295,+AC0-1,32,6.972099781
3785.2404820919,0,32,8.6478004456
3794.2383821011,1,32,9.8234996796
3798.2443110943,2,32,10.220000267
3802.2616999149,3,32,9.7375001907
3807.2760639191,4,32,8.4970998764
3810.3008909226,5,32,6.7906999588
3814.271723032,6,32,4.9702000618
3819.291230917,7,32,3.3315999508
3824.283577919,8,32,2.0453000069
3828.307076931,9,32,1.1499999762
3833.2996549606,10,32,0.5921400189
3837.3231909275,11,32,0.2792499959
3841.3247749806,12,32,0.1206099987
3846.3332901001,13,32,0.0477060005
3851.3296689987,14,32,0.0172819998
3855.328207016,15,32,0.0057338001
3879.3683650494,15,33,0.0077483002
3882.3678100109,15,34,0.0102430005
3884.3714871407,14,34,0.0300699994
3886.3864240646,14,35,0.0383780003
3907.4068090916,13,35,0.1018299982
3911.4020590782,12,35,0.2474499941
3914.426459074,11,35,0.5507100224
3915.4250841141,11,34,0.4489099979
3918.4352600575,10,34,0.9271299839
3922.4272091389,9,34,1.7537000179
3927.4332580566,8,34,3.037899971
3931.4523761273,7,34,4.8196001053
3936.4583039284,6,34,7.0027999878
3941.4643509388,5,34,9.3187999725
3945.4855790138,4,34,11.357000351
3949.48397398,3,34,12.6759996414
3953.4792020321,2,34,12.9580001831
3957.4847359657,1,34,12.1309995651
3961.4833431244,0,34,10.4010000229
3970.5264539719,+AC0-1,34,8.1674995422
3974.521600008,+AC0-2,34,5.8737001419
3979.5576901436,+AC0-3,34,3.8687000275
3983.5322539806,+AC0-4,34,2.3336000443
3985.5507869721,+AC0-4,33,2.2678999901
3987.5634839535,+AC0-5,33,1.2695000172
3992.5377910137,+AC0-6,33,0.6508299708
3997.5499689579,+AC0-7,33,0.3055799901
4001.5927939415,+AC0-8,33,0.131400004
4006.5900249481,+AC0-9,33,0.0517480001
4010.5902271271,+AC0-10,33,0.0186640006
4014.5813529492,+AC0-11,33,0.0061650998
4018.5914890766,+AC0-12,33,0.0018651
4039.6138050556,+AC0-12,34,0.001727
4042.6258659363,+AC0-12,35,0.0015644
4045.6307251453,+AC0-12,36,0.0013862
4066.6712040901,+AC0-11,36,0.0047672
4069.6836249828,+AC0-10,36,0.0150149995
4072.6752490997,+AC0-9,36,0.0433089994
4077.6948020458,+AC0-8,36,0.1144099981
4081.7001149654,+AC0-7,36,0.2768000066
4085.7111270428,+AC0-6,36,0.6133300066
4089.7100129128,+AC0-5,36,1.2446000576
4093.7407479286,+AC0-4,36,2.3131999969
4098.7128360272,+AC0-3,36,3.9372999668
4102.7326929569,+AC0-2,36,6.1377000809
4106.7496330738,+AC0-1,36,8.7625999451
4111.7328231335,0,36,11.4569997787
4119.7584600449,1,36,13.720000267
4123.7547769547,2,36,15.0469999313
4127.7615759373,3,36,15.1129999161
4132.7795701027,4,36,13.9020004272
4136.7687499523,5,36,11.7119998932
4141.7978270054,6,36,9.0363998413
4145.783823967,7,36,6.3853998184
4150.8013861179,8,36,4.1322999001
4153.8239970207,9,36,2.4491999149
4158.8366820812,10,36,1.3294999599
4161.8370449543,11,36,0.6609200239
4166.8423290253,12,36,0.300909996
4170.8432459831,13,36,0.1254699975
4175.8410999775,14,36,0.0479159988
4179.8568460941,15,36,0.0167590007
4202.8644239903,15,37,0.0207410008
4206.8891160488,15,38,0.0251109991
4207.9142501354,14,38,0.0699290037
4209.8845200539,14,39,0.0817380026
4231.9168050289,13,39,0.2057400048
4234.9255590439,12,39,0.4742600024
4237.9310131073,11,39,1.0012999773
4241.9344670773,10,39,1.9359999895
4246.980848074,9,38,3.1328001022
4250.9548549652,8,38,5.1480998993
4254.9692919254,7,38,7.7479000092
4258.985517025,6,38,10.6789999008
4262.9618449211,5,38,13.4809999466
4266.9765150547,4,38,15.5850000381
4271.9940879345,3,38,16.5020008087
4275.9948279858,2,38,16.0020008087
4280.0120389462,1,38,14.2110004425
4284.001019001,0,38,11.5579996109
4293.0469441414,+AC0-1,38,8.6099004745
4297.086220026,+AC0-2,38,5.8737001419
4301.0396339893,+AC0-3,38,3.6698999405
4306.0495920181,+AC0-4,38,2.0999999046
4311.070925951,+AC0-5,38,1.1004999876
4314.0630829334,+AC0-5,37,1.1833000183
4315.0658071041,+AC0-6,37,0.5754600167
4319.0739841461,+AC0-7,37,0.2563099861
4323.075067997,+AC0-8,37,0.1045499966
4328.0935249329,+AC0-9,37,0.0390589982
4332.0900390148,+AC0-10,37,0.0133640002
4337.089785099,+AC0-11,37,0.0041875001
4342.1571829319,+AC0-12,37,0.0012017
4363.1524939537,+AC0-12,38,0.0010191
4366.1661520004,+AC0-12,39,0.00084543
4370.16157794,+AC0-12,40,0.00068612
4391.1814129353,+AC0-11,40,0.0024873
4394.2128050327,+AC0-10,40,0.0082582999
4398.2327849865,+AC0-9,40,0.0251109991
4402.2309529781,+AC0-8,40,0.0699290037
4407.2350399494,+AC0-7,40,0.1783500016
4411.2345170975,+AC0-6,40,0.4165900052
4415.2309749127,+AC0-5,40,0.8911700249
4420.2443649769,+AC0-4,40,1.7460000515
4424.2581501007,+AC0-3,40,3.1328001022
4428.2623040676,+AC0-2,40,5.1480998993
4432.2608780861,+AC0-1,40,7.7479000092
4437.2683079243,0,40,10.6789999008
4446.2951719761,1,40,13.4809999466
4450.2757229805,2,40,15.5850000381
4454.2874429226,3,40,16.5020008087
4459.2999579907,4,40,16.0020008087
4463.3080279827,5,40,14.2110004425
4469.3202040196,6,40,11.5579996109
4472.3268461228,7,40,8.6099004745
4476.3452711105,8,40,5.8737001419
4480.3460879326,9,40,3.6698999405
4484.3565690518,10,40,2.0999999046
4489.3572659493,11,40,1.1004999876
4493.3492360115,12,40,0.5281900167
4497.3833940029,13,40,0.2321700007
4501.3983619213,14,40,0.0934650004
4526.4277970791,14,41,0.1045499966
4529.4406881332,14,42,0.1144099981
4533.4461319447,14,43,0.1224799976
4553.4693360329,13,43,0.2924399972
4556.4699530602,12,43,0.6394900084
4560.513764143,11,43,1.2806999683
4563.5147061348,10,43,2.3489999771
4568.5363371372,9,43,3.9460000992
4572.5308089256,8,43,6.0706000328
4574.5529530048,8,42,6.1377000809
4576.5300250053,7,42,8.7625999451
4580.5463421345,6,42,11.4569997787
4585.5466690064,5,42,13.720000267
4588.5664241314,4,42,15.0469999313
4593.6038150787,3,42,15.1129999161
4598.6607420445,2,42,13.9020004272
4601.6026260853,1,42,11.7119998932
4606.6132349968,0,42,9.0363998413
4614.6278889179,+AC0-1,42,6.3853998184
4618.6338410378,+AC0-2,42,4.1322999001
4623.6371121407,+AC0-3,42,2.4491999149
4627.648319006,+AC0-4,42,1.3294999599
4632.654681921,+AC0-5,42,0.6609200239
4636.6807601452,+AC0-6,42,0.300909996
4640.6633639336,+AC0-7,42,0.1254699975
4644.6672329903,+AC0-8,42,0.0479159988
4646.7344019413,+AC0-8,41,0.0585249998
4649.700387001,+AC0-9,41,0.0207410008
4653.6799669266,+AC0-10,41,0.0067316
4657.7045199871,+AC0-11,41,0.0020010001
4662.7473320961,+AC0-12,41,0.00054473
4701.7893459797,+AC0-11,41,0.0020010001
4705.8091621399,+AC0-10,41,0.0067316
4706.7998409271,+AC0-10,42,0.0053678998
4708.7930049896,+AC0-9,42,0.0167590007
4712.8103380203,+AC0-8,42,0.0479159988
4716.7970271111,+AC0-7,42,0.1254699975
4720.7994041443,+AC0-6,42,0.300909996
4724.8030860424,+AC0-5,42,0.6609200239
4728.8492870331,+AC0-4,42,1.3294999599
4733.8108000755,+AC0-3,42,2.4491999149
4737.8319139481,+AC0-2,42,4.1322999001
4742.8407180309,+AC0-1,42,6.3853998184
4746.8521809578,0,42,9.0363998413
4755.8653929234,1,42,11.7119998932
4760.877933979,2,42,13.9020004272
4762.9010651112,2,43,12.704000473
4764.8974239826,3,43,13.9940004349
4769.9090681076,4,43,14.1180000305
4773.8982970715,5,43,13.0439996719
4778.9202771187,6,43,11.0369997025
4782.9085030556,7,43,8.5532999039
4786.9556100369,8,43,6.0706000328
4790.9417419434,9,43,3.9460000992
4795.9436380863,10,43,2.3489999771
4799.9344890118,11,43,1.2806999683
4804.9370601177,12,43,0.6394900084
4808.9517159462,13,43,0.2924399972
4829.9731681347,14,43,0.1224799976
4832.9772441387,13,42,0.2768000066
4835.9841301441,13,41,0.2563099861
4840.0057580471,13,40,0.2321700007
4861.0342791081,12,40,0.5281900167
4863.0462009907,12,41,0.5754600167
4865.0267279148,11,41,1.1833000183
4868.0513169766,10,41,2.228399992
4874.0730340481,9,41,3.8431999683
4878.0596981049,8,41,6.0706000328
4882.0595450401,7,41,8.7819004059
4888.0633990765,6,41,11.6350002289
4889.0684089661,6,42,11.4569997787
4892.0849010944,5,42,13.720000267
4897.082652092,4,42,15.0469999313
4901.0816829205,3,42,15.1129999161
4906.0911989212,2,42,13.9020004272
4909.1092410088,1,42,11.7119998932
4914.1096460819,1,43,10.5620002747
4915.1083829403,0,43,8.0427999496
4923.1279461384,+AC0-1,43,5.6087999344
4927.1204431057,+AC0-2,43,3.5822000504
4933.1674849987,+AC0-3,43,2.095400095
4938.1836619377,+AC0-4,43,1.1224999428
4942.2364881039,+AC0-5,43,0.5507100224
4947.1820309162,+AC0-6,43,0.2474499941
4951.2152731419,+AC0-7,43,0.1018299982
4956.2299470902,+AC0-8,43,0.0383780003
4960.2126619816,+AC0-9,43,0.0132470001
4964.2331421375,+AC0-10,43,0.0041875001
4968.2523210049,+AC0-11,43,0.0012123
4970.2484900951,+AC0-11,42,0.0015747
4972.2973320484,+AC0-12,42,0.00042307
4977.3281190395,+AC0-13,42,0
4981.2602510452,+AC0-14,42,0
5002.318048954,+AC0-14,41,0
5005.3036141396,+AC0-14,40,0
5006.3079121113,+AC0-13,40,0
5008.30991292,+AC0-13,39,0
5030.3438799381,+AC0-12,39,0.00084543
5033.3234570026,+AC0-11,39,0.0030247001
5037.3424839974,+AC0-10,39,0.0099109001
5042.3677921295,+AC0-9,39,0.0297410004
5046.3737559319,+AC0-8,39,0.0817380026
5050.3686079979,+AC0-7,39,0.2057400048
5054.3725919724,+AC0-6,39,0.4742600024
5058.3863530159,+AC0-5,39,1.0012999773
5062.3807981014,+AC0-4,39,1.9359999895
5067.3964800835,+AC0-3,39,3.4282000065
5071.4016909599,+AC0-2,39,5.5597000122
5075.4149961472,+AC0-1,39,8.2576999664
5079.4181261063,0,39,11.2329998016
5087.4330279827,1,39,13.9940004349
5091.4584219456,2,39,15.9659996033
5095.4281990528,3,39,16.6840000153
5099.4492161274,4,39,15.9659996033
5104.4772760868,5,39,13.9940004349
5108.4722299576,6,39,11.2329998016
5111.4827561379,7,39,8.2576999664
5116.4793200493,8,39,5.5597000122
5121.4706330299,9,39,3.4282000065
5125.4896669388,10,39,1.9359999895
5129.4894759655,11,39,1.0012999773
5134.5043599606,12,39,0.4742600024
5138.5015349388,13,39,0.2057400048
5142.5096609593,14,39,0.0817380026
5166.54540205,14,38,0.0699290037
5169.546667099,14,37,0.0585249998
5173.5736451149,14,36,0.0479159988
5195.6248700619,13,36,0.1254699975
5198.6661410332,12,36,0.300909996
5202.6533010006,11,36,0.6609200239
5206.6442170143,10,36,1.3294999599
5211.6565890312,9,36,2.4491999149
5216.6639590263,8,36,4.1322999001
5219.6740930081,7,36,6.3853998184
5223.6765220165,6,36,9.0363998413
5228.6982440949,5,36,11.7119998932
5232.6915049553,4,36,13.9020004272
5236.7124140263,3,36,15.1129999161
5241.7052500248,2,36,15.0469999313
5245.7100839615,1,36,13.720000267
5250.7359321117,0,36,11.4569997787
5258.7487471104,+AC0-1,36,8.7625999451
5262.7709429264,+AC0-2,36,6.1377000809
5267.7787759304,+AC0-3,36,3.9372999668
5272.7759439945,+AC0-4,36,2.3131999969
5275.787651062,+AC0-5,36,1.2446000576
5279.7880909443,+AC0-5,35,1.2806999683
5280.7995929718,+AC0-6,35,0.6394900084
5285.811825037,+AC0-7,35,0.2924399972
5288.7968089581,+AC0-8,35,0.1224799976
5293.8139100075,+AC0-9,35,0.0469780006
5296.8174240589,+AC0-10,35,0.0165030006
5301.8021249771,+AC0-11,35,0.0053093
5305.8499150276,+AC0-12,35,0.0015644
5330.8815550804,+AC0-12,34,0.001727
5333.880972147,+AC0-12,33,0.0018651
5337.8790011406,+AC0-12,32,0.0019704001
5355.8811590672,+AC0-11,32,0.0064280001
5359.9091670513,+AC0-10,33,0.0186640006
5362.9153771401,+AC0-9,33,0.0517480001
5366.9139649868,+AC0-8,33,0.131400004
5370.9150941372,+AC0-7,33,0.3055799901
5374.9232869148,+AC0-6,33,0.6508299708
5379.9557180405,+AC0-5,33,1.2695000172
5383.9498181343,+AC0-4,33,2.2678999901
5388.9603691101,+AC0-3,33,3.7104001045
5391.9567060471,+AC0-2,33,5.5597000122
5396.9605209828,+AC0-1,33,7.6296000481
5400.9745929241,0,33,9.5888996124
5409.9711880684,1,33,11.0369997025
5413.9859800339,2,33,11.6350002289
5419.0003490448,3,33,11.2329998016
5424.005095005,4,34,11.357000351
5428.0212199688,5,34,9.3187999725
5431.0272059441,6,34,7.0027999878
5436.02780509,7,34,4.8196001053
5440.0571610928,8,34,3.037899971
5444.0452821255,9,34,1.7537000179
5449.05418396,10,34,0.9271299839
5453.0652770996,11,34,0.4489099979
5457.0874900818,12,34,0.1990700066
5462.0700900555,13,34,0.0808449984
5466.0641629696,14,34,0.0300699994
5489.0945050716,15,34,0.0102430005
5492.1411790848,15,33,0.0077483002
5495.1362891197,15,32,0.0057338001
5498.1391761303,15,31,0.0041507999
5518.1588730812,14,31,0.0126769999
5521.1838970184,13,31,0.0354579985
5525.1787199974,12,31,0.0908320025
5528.1798269749,11,31,0.2131000012
5531.192029953,10,31,0.4578799903
5536.1856360436,9,31,0.9010199904
5540.1923899651,8,32,2.0453000069
5544.1821091175,7,32,3.3315999508
5548.1912930012,6,32,4.9702000618
5552.1892240048,5,32,6.7906999588
5556.215485096,4,32,8.4970998764
5560.2202761173,3,32,9.7375001907
5564.2105789185,2,32,10.220000267
5569.2208650112,1,32,9.8234996796
5573.2402889729,0,32,8.6478004456
5583.2438659668,+AC0-1,32,6.972099781
5587.2469320297,+AC0-2,33,5.5597000122
5590.271296978,+AC0-3,33,3.7104001045
5595.3015620709,+AC0-4,33,2.2678999901
5599.2918851376,+AC0-5,33,1.2695000172
5602.3033049107,+AC0-6,33,0.6508299708
5607.3234820366,+AC0-7,33,0.3055799901
5611.3034751415,+AC0-8,33,0.131400004
5615.3225591183,+AC0-9,33,0.0517480001
5619.3145990372,+AC0-10,33,0.0186640006
5624.3233950138,+AC0-11,33,0.0061650998
5629.3407759667,+AC0-12,33,0.0018651
5633.3331360817,+AC0-13,33,0
5660.3867349625,+AC0-13,32,0
5663.3961670399,+AC0-13,31,0
5666.3760521412,+AC0-13,30,0
5684.4274380207,+AC0-12,31,0.0020365
5687.4126780033,+AC0-11,31,0.0065564001
5691.4304420948,+AC0-10,31,0.0193319991
5694.4471211433,+AC0-9,31,0.0522050001
5698.4505600929,+AC0-8,31,0.1291099936
5703.4347751141,+AC0-7,31,0.2924399972
5707.4528250694,+AC0-6,31,0.6066300273
5711.4540159702,+AC0-5,31,1.1525000334
5715.4393210411,+AC0-4,31,2.0051999092
5720.4658970833,+AC0-3,31,3.1953999996
5724.4600989819,+AC0-2,31,4.6633000374
5726.4702000618,+AC0-2,32,5.1480998993
5728.4792079926,+AC0-1,32,6.972099781
5733.5033540726,0,32,8.6478004456
5740.4893190861,1,32,9.8234996796
5745.4918730259,2,32,10.220000267
5749.4995200634,3,32,9.7375001907
5754.5312120915,4,32,8.4970998764
5758.5057580471,5,32,6.7906999588
5762.51456213,6,32,4.9702000618
5766.5178780556,7,32,3.3315999508
5769.5223140717,7,33,4.0514001846
5770.5217189789,8,33,2.5202000141
5775.5325989723,9,33,1.4357999563
5780.5495710373,10,33,0.7491300106
5783.5613059998,11,33,0.3579699993
5787.5714321137,12,33,0.1566600055
5792.567385912,13,33,0.0627890006
5796.5850629807,14,33,0.0230480004
5817.6221380234,14,32,0.0172819998
5821.628921032,14,31,0.0126769999
5824.6352980137,14,30,0.0090968003
5845.6571679115,13,30,0.0257820003
5848.6676599979,12,30,0.0669220015
5851.6779789925,11,30,0.1590899974
5855.6724319458,10,30,0.346359998
5858.68186903,9,30,0.6906200051
5863.7339270115,8,30,1.2611999512
5867.7183871269,7,30,2.1092000008
5871.7046840191,6,30,3.230700016
5873.7076060772,6,31,4.0514001846
5875.7235150337,5,31,5.6087999344
5880.7359161377,4,31,7.1114001274
5885.7269799709,3,31,8.2576999664
5889.7579500675,2,31,8.7819004059
5894.7419559956,1,31,8.5532999039
5897.7438061237,0,31,7.6296000481
5905.7575149536,+AC0-1,31,6.2328000069
5910.7739479542,+AC0-2,31,4.6633000374
5914.7596440315,+AC0-3,31,3.1953999996
5918.7756900787,+AC0-4,31,2.0051999092
5921.7958090305,+AC0-4,32,2.1561000347
5922.7937879562,+AC0-5,32,1.222900033
5927.8080301285,+AC0-6,32,0.6352800131
5931.8091640472,+AC0-7,32,0.3022400141
5935.8185679913,+AC0-8,32,0.1316899955
5939.8443450928,+AC0-9,32,0.0525499992
5944.8405871391,+AC0-10,32,0.0192050003
5948.8420929909,+AC0-11,32,0.0064280001
5953.834993124,+AC0-12,32,0.0019704001
5958.8491940498,+AC0-13,32,0
5961.8577229977,+AC0-14,32,0
5988.8933451176,+AC0-14,31,0
5991.9008629322,+AC0-14,30,0
5995.9185490608,+AC0-14,29,0
6013.979968071,+AC0-13,29,0
6014.9665379524,+AC0-13,30,0
6017.9573960304,+AC0-12,30,0.0020590001
6020.9777700901,+AC0-11,30,0.006542
6024.001513958,+AC0-10,30,0.0190370008
6028.9817380905,+AC0-9,30,0.0507339984
6032.9952249527,+AC0-8,30,0.1238299981
6037.9991891384,+AC0-7,30,0.2768000066
6042.99741292,+AC0-6,30,0.5666800141
6047.0130951405,+AC0-5,30,1.0625
6052.0249481201,+AC0-4,31,2.0051999092
6056.0100090504,+AC0-3,31,3.1953999996
6060.031332016,+AC0-2,31,4.6633000374
6064.0381579399,+AC0-1,31,6.2328000069
6069.0276150704,0,31,7.6296000481
6077.028824091,1,31,8.5532999039
6081.0439231396,2,31,8.7819004059
6086.0522170067,3,31,8.2576999664
6090.068267107,4,31,7.1114001274
6091.0636849403,4,32,8.4970998764
6094.0777211189,5,32,6.7906999588
6098.0752589703,6,32,4.9702000618
6103.0776240826,7,32,3.3315999508
6107.0831940174,8,32,2.0453000069
6111.0901179314,9,32,1.1499999762
6116.109290123,10,32,0.5921400189
6121.1289610863,11,32,0.2792499959
6125.1103100777,12,32,0.1206099987
6149.1785600185,12,31,0.0908320025
6152.184910059,12,30,0.0669220015
6156.1744110584,12,29,0.0482329987
6177.2291309834,11,29,0.1161800027
6180.204750061,10,29,0.2563099861
6183.2242901325,9,29,0.5178499818
6187.2161281109,8,29,0.9581999779
6190.2315540314,7,29,1.6238000393
6193.2525160313,7,30,2.1092000008
6195.2474589348,6,30,3.230700016
6199.241421938,5,30,4.531899929
6202.2534101009,4,30,5.8222999573
6207.2471909523,3,30,6.8505997658
6210.2545790672,2,30,7.3821001053
6215.2669620514,1,30,7.2853999138
6219.279362917,0,30,6.5848999023
6228.3019909859,+AC0-1,30,5.450799942
6233.2982490063,+AC0-2,30,4.1322999001
6237.3279619217,+AC0-3,30,2.8691000938
6240.3009939194,+AC0-4,30,1.8243999481
6242.3240299225,+AC0-4,31,2.0051999092
6244.325083971,+AC0-5,31,1.1525000334
6249.3282270432,+AC0-6,31,0.6066300273
6253.3518490791,+AC0-7,31,0.2924399972
6257.3370800018,+AC0-8,31,0.1291099936
6261.3509049416,+AC0-9,31,0.0522050001
6265.3539149761,+AC0-10,31,0.0193319991
6269.357145071,+AC0-11,31,0.0065564001
6274.3706140518,+AC0-12,31,0.0020365
6277.370898962,+AC0-13,31,0
6281.3840630055,+AC0-14,31,0
6286.3871350288,+AC0-15,31,0
6289.3889319897,+AC0-15,32,0
6291.3878951073,+AC0-16,32,0
6315.4115791321,+AC0-16,31,0
6319.422164917,+AC0-16,30,0
6322.463283062,+AC0-16,29,0
6343.4854540825,+AC0-15,29,0
6346.4932870865,+AC0-14,29,0
6350.484924078,+AC0-13,29,0
6353.5034430027,+AC0-12,29,0.0020365
6357.5017449856,+AC0-11,29,0.0063858
6362.5517570973,+AC0-10,29,0.0183390006
6367.5364840031,+AC0-9,29,0.0482329987
6368.5598621368,+AC0-9,30,0.0507339984
6370.5567150116,+AC0-8,30,0.1238299981
6373.5481359959,+AC0-7,30,0.2768000066
6378.5701110363,+AC0-6,30,0.5666800141
6381.5659060478,+AC0-5,30,1.0625
6386.5655210018,+AC0-4,30,1.8243999481
6389.5495579243,+AC0-3,30,2.8691000938
6394.5874900818,+AC0-2,30,4.1322999001
6397.5836350918,+AC0-1,31,6.2328000069
6401.6039400101,0,31,7.6296000481
6409.5938930512,1,31,8.5532999039
6414.6102790833,2,31,8.7819004059
6418.6269340515,3,31,8.2576999664
6422.6498799324,4,31,7.1114001274
6427.6412539482,5,31,5.6087999344
6431.6385579109,6,31,4.0514001846
6434.638103962,6,32,4.9702000618
6435.634814024,7,32,3.3315999508
6439.6366910935,8,32,2.0453000069
6444.649335146,9,32,1.1499999762
6449.6628510952,10,32,0.5921400189
6453.6730690003,11,32,0.2792499959
6476.7229020596,11,31,0.2131000012
6479.7103760243,11,30,0.1590899974
6483.7103459835,11,29,0.1161800027
6505.7497410774,10,29,0.2563099861
6509.7537889481,9,29,0.5178499818
6512.7676210404,8,29,0.9581999779
6515.7659549713,7,29,1.6238000393
6519.7758059502,6,29,2.5202000141
6522.7922239304,5,29,3.5822000504
6526.7690329552,4,29,4.6633000374
6531.8092589378,3,29,5.5597000122
6535.8051891327,2,29,6.0706000328
6536.8169050217,2,30,7.3821001053
6539.8143510819,1,30,7.2853999138
6543.8105430603,0,30,6.5848999023
6552.8209171295,+AC0-1,30,5.450799942
6557.8286421299,+AC0-2,30,4.1322999001
6561.8351569176,+AC0-3,30,2.8691000938
6566.8867349625,+AC0-4,30,1.8243999481
6570.883646965,+AC0-5,30,1.0625
6574.8701269627,+AC0-6,30,0.5666800141
6579.8747191429,+AC0-7,30,0.2768000066
6584.8845350742,+AC0-8,30,0.1238299981
6585.88718009,+AC0-8,31,0.1291099936
6588.875483036,+AC0-9,31,0.0522050001
6592.8858809471,+AC0-10,31,0.0193319991
6597.8922529221,+AC0-11,31,0.0065564001
6601.8912069798,+AC0-12,31,0.0020365
6605.9232759476,+AC0-13,31,0
6611.9166219235,+AC0-14,31,0
6616.9022710323,+AC0-15,31,0
6621.9245021343,+AC0-16,31,0
6626.9385390282,+AC0-17,31,0
6653.9671499729,+AC0-17,30,0
6656.9624509811,+AC0-17,29,0
6660.9957280159,+AC0-16,28,0
6680.007324934,+AC0-16,29,0
6681.9996230602,+AC0-15,29,0
6685.0100989342,+AC0-14,29,0
6689.0066230297,+AC0-13,29,0
6693.0210299492,+AC0-12,29,0.0020365
6698.0438649654,+AC0-11,29,0.0063858
6702.0415949822,+AC0-10,29,0.0183390006
6706.0470719338,+AC0-9,30,0.0507339984
6710.0732181072,+AC0-8,30,0.1238299981
6715.0605459213,+AC0-7,30,0.2768000066
6719.0825021267,+AC0-6,30,0.5666800141
6724.084154129,+AC0-5,30,1.0625
6728.0875899792,+AC0-4,30,1.8243999481
6732.087280035,+AC0-3,30,2.8691000938
6735.1054029465,+AC0-3,31,3.1953999996
6737.0929059982,+AC0-2,31,4.6633000374
6740.1214931011,+AC0-1,31,6.2328000069
6745.1023929119,0,31,7.6296000481
6753.125576973,1,31,8.5532999039
6758.1399071217,2,31,8.7819004059
6762.1438980103,3,31,8.2576999664
6765.1674420834,3,32,9.7375001907
6766.1480770111,4,32,8.4970998764
6771.1670410633,5,32,6.7906999588
6775.1885709763,6,32,4.9702000618
6780.1762781143,7,32,3.3315999508
6784.1851079464,8,32,2.0453000069
6789.1972839832,9,32,1.1499999762
6813.209209919,9,31,0.9010199904
6816.2528431416,10,31,0.4578799903
6817.2395999432,10,30,0.346359998
6820.2341120243,10,29,0.2563099861
6839.2570970059,9,29,0.5178499818
6842.2617309094,8,29,0.9581999779
6846.2718520165,7,29,1.6238000393
6849.2750999928,6,29,2.5202000141
6852.282843113,5,29,3.5822000504
6856.2964401245,4,29,4.6633000374
6859.3139679432,3,29,5.5597000122
6864.3027460575,2,30,7.3821001053
6868.319437027,1,30,7.2853999138
6873.3105659485,0,30,6.5848999023
6882.3082370758,+AC0-1,30,5.450799942
6885.3340959549,+AC0-2,30,4.1322999001
6890.3328130245,+AC0-3,30,2.8691000938
6894.3250260353,+AC0-4,30,1.8243999481
6899.345457077,+AC0-5,30,1.0625
6904.3477520943,+AC0-6,30,0.5666800141
6907.3347170353,+AC0-7,30,0.2768000066
6911.3816049099,+AC0-8,30,0.1238299981
6913.3530850411,+AC0-8,31,0.1291099936
6917.3827490807,+AC0-9,31,0.0522050001
6920.3751080036,+AC0-10,31,0.0193319991
6925.3746471405,+AC0-11,31,0.0065564001
6929.4000530243,+AC0-12,31,0.0020365
6933.4100389481,+AC0-13,31,0
6938.4146370888,+AC0-14,31,0
6942.4429459572,+AC0-15,31,0
6946.4628779888,+AC0-16,31,0
6950.4571371079,+AC0-17,31,0
6955.4502151013,+AC0-18,31,0
6959.4806189537,+AC0-19,31,0
6961.4770250321,+AC0-19,32,0
6983.4930620194,+AC0-19,31,0
6987.5023090839,+AC0-19,30,0
6990.5143489838,+AC0-19,29,0
7011.540017128,+AC0-18,29,0
7014.5427320004,+AC0-17,29,0
7018.561150074,+AC0-16,29,0
7021.558781147,+AC0-15,29,0
7025.5785610676,+AC0-14,29,0
7030.5914189816,+AC0-13,30,0
7034.607375145,+AC0-12,30,0.0020590001
7039.6092379093,+AC0-11,30,0.006542
7043.6356899738,+AC0-10,30,0.0190370008
7047.6753940582,+AC0-9,30,0.0507339984
7051.6524620056,+AC0-8,30,0.1238299981
7055.6966869831,+AC0-7,31,0.2924399972
7059.6785309315,+AC0-6,31,0.6066300273
7064.6664469242,+AC0-5,31,1.1525000334
7068.6832110882,+AC0-4,31,2.0051999092
7073.6760900021,+AC0-3,31,3.1953999996
7078.6999709606,+AC0-2,31,4.6633000374
7081.7069330216,+AC0-1,31,6.2328000069
7082.6883580685,+AC0-1,32,6.972099781
7085.6941990852,0,32,8.6478004456
7093.7208199501,1,32,9.8234996796
7098.7206261158,2,32,10.220000267
7103.7298519611,3,32,9.7375001907
7106.7347719669,4,32,8.4970998764
7107.7367169857,4,33,9.932100296
7109.7308359146,5,33,8.0427999496
7114.7412540913,6,33,5.964799881
7118.771971941,7,33,4.0514001846
7122.7573590279,8,33,2.5202000141
7144.8011989594,8,32,2.0453000069
7147.8017349243,8,31,1.6238000393
7151.8241260052,8,30,1.2611999512
7172.8350329399,7,30,2.1092000008
7176.8556790352,6,30,3.230700016
7179.8602180481,5,30,4.531899929
7184.8650739193,4,30,5.8222999573
7188.9128041267,3,30,6.8505997658
7192.8721389771,2,30,7.3821001053
7196.9025061131,1,30,7.2853999138
7199.887583971,0,30,6.5848999023
7208.903605938,+AC0-1,30,5.450799942
7212.9471271038,+AC0-2,30,4.1322999001
7217.9293971062,+AC0-3,30,2.8691000938
7218.9284000397,+AC0-3,31,3.1953999996
7221.925661087,+AC0-4,31,2.0051999092
7226.9380381107,+AC0-5,31,1.1525000334
7230.9551689625,+AC0-6,31,0.6066300273
7235.9563879967,+AC0-7,31,0.2924399972
7239.9626619816,+AC0-8,31,0.1291099936
7243.9474320412,+AC0-9,31,0.0522050001
7248.9744439125,+AC0-10,31,0.0193319991
7252.9690699577,+AC0-11,31,0.0065564001
7258.0040199757,+AC0-12,31,0.0020365
7261.9846310616,+AC0-13,31,0
7266.0119719505,+AC0-13,32,0
7267.0102901459,+AC0-14,32,0
7270.9871199131,+AC0-15,32,0
7275.999833107,+AC0-16,32,0
7280.9986209869,+AC0-17,32,0
7285.029845953,+AC0-18,32,0
7289.0300619602,+AC0-19,32,0
7293.035752058,+AC0-20,32,0
7320.0754930973,+AC0-20,31,0
7324.1137471199,+AC0-20,30,0
7327.1091830731,+AC0-20,29,0
7346.1737360954,+AC0-19,29,0
7349.1505579949,+AC0-18,29,0
7350.147808075,+AC0-18,30,0
7353.168061018,+AC0-17,30,0
7356.1754140854,+AC0-16,30,0
7361.1712870598,+AC0-15,30,0
7364.1977789402,+AC0-14,30,0
7369.1880259514,+AC0-13,30,0
7373.1856279373,+AC0-12,31,0.0020365
7377.2017810345,+AC0-11,31,0.0065564001
7382.2290151119,+AC0-10,31,0.0193319991
7387.2282040119,+AC0-9,31,0.0522050001
7391.2548589707,+AC0-8,31,0.1291099936
7395.2892711163,+AC0-7,31,0.2924399972
7399.2638850212,+AC0-6,31,0.6066300273
7401.2658820152,+AC0-6,32,0.6352800131
7404.2999410629,+AC0-5,32,1.222900033
7408.2994980812,+AC0-4,32,2.1561000347
7412.2890501022,+AC0-3,32,3.4813001156
7417.2824430466,+AC0-2,32,5.1480998993
7422.2961969376,+AC0-1,32,6.972099781
7425.3093669415,0,32,8.6478004456
7428.3290131092,0,33,9.5888996124
7435.3262319565,1,33,11.0369997025
7438.3452761173,2,33,11.6350002289
7443.3359251022,3,33,11.2329998016
7447.3326871395,4,33,9.932100296
7451.3517301083,5,33,8.0427999496
7454.3651640415,5,34,9.3187999725
7456.3893311024,6,34,7.0027999878
7478.3987550736,6,33,5.964799881
7480.3887441158,7,33,4.0514001846
7482.3767950535,7,32,3.3315999508
7485.4024150372,7,31,2.6802000999
7507.4417939186,6,31,4.0514001846
7510.4695611,5,31,5.6087999344
7514.4516410828,4,31,7.1114001274
7518.4693751335,3,31,8.2576999664
7521.4826381207,3,30,6.8505997658
7523.4814801216,2,30,7.3821001053
7528.4833860397,1,30,7.2853999138
7532.4820461273,0,30,6.5848999023
7540.486027956,+AC0-1,30,5.450799942
7545.5052509308,+AC0-2,30,4.1322999001
7550.498249054,+AC0-3,30,2.8691000938
7554.4999730587,+AC0-4,30,1.8243999481
7559.51907897,+AC0-5,30,1.0625
7562.5282809734,+AC0-6,30,0.5666800141
7567.5338580608,+AC0-7,30,0.2768000066
7571.5405890942,+AC0-8,30,0.1238299981
7575.5676491261,+AC0-9,30,0.0507339984
7579.5595610142,+AC0-10,30,0.0190370008
7583.5621490479,+AC0-11,30,0.006542
7588.5911669731,+AC0-12,30,0.0020590001
7592.5951960087,+AC0-13,30,0
7596.6043119431,+AC0-14,30,0
7601.5950291157,+AC0-15,30,0
7604.6035480499,+AC0-16,30,0
7608.6029210091,+AC0-17,30,0
7613.6417419911,+AC0-18,30,0
7617.616382122,+AC0-19,30,0
7621.6247560978,+AC0-20,30,0
7644.6579129696,+AC0-20,29,0
7647.6688511372,+AC0-19,29,0
7648.6897311211,+AC0-19,28,0
7651.7024180889,+AC0-19,27,0
7673.7071099281,+AC0-18,27,0
7676.7147469521,+AC0-17,27,0
7680.717343092,+AC0-16,27,0
7682.704736948,+AC0-16,28,0
7684.717963934,+AC0-15,28,0
7687.7305970192,+AC0-14,28,0
7691.7451770306,+AC0-13,28,0
7695.7449071407,+AC0-12,28,0.0019704001
7699.7669050694,+AC0-11,28,0.0060977
7704.768132925,+AC0-10,28,0.0172819998
7706.7807600498,+AC0-10,29,0.0183390006
7709.7982749939,+AC0-9,29,0.0482329987
7712.791793108,+AC0-8,29,0.1161800027
7716.7964191437,+AC0-7,29,0.2563099861
7720.8223540783,+AC0-6,29,0.5178499818
7724.8116369248,+AC0-5,29,0.9581999779
7728.8268311024,+AC0-4,29,1.6238000393
7729.8254289627,+AC0-4,30,1.8243999481
7733.8202199936,+AC0-3,30,2.8691000938
7738.8238930702,+AC0-2,30,4.1322999001
7742.8603570461,+AC0-1,30,5.450799942
7746.8422620297,0,30,6.5848999023
7755.8671209812,1,30,7.2853999138
7758.8414571285,1,31,8.5532999039
7760.8501391411,2,31,8.7819004059
7765.8658499718,3,31,8.2576999664
7769.8949589729,4,31,7.1114001274
7774.8895940781,5,31,5.6087999344
7778.8909440041,6,31,4.0514001846
7782.8950529099,7,31,2.6802000999
7808.9205589295,7,30,2.1092000008
7810.9145309925,8,30,1.2611999512
7811.9648740292,8,29,0.9581999779
7832.9564459324,8,28,0.712199986
7833.9736559391,7,28,1.222900033
7836.9615731239,6,28,1.9232000113
7840.9973161221,5,28,2.7699999809
7844.9778299332,4,28,3.6538000107
7849.0262739658,3,28,4.4140000343
7853.9857609272,2,28,4.883600235
7858.0076289177,1,28,4.9484000206
7861.9917421341,0,28,4.5921001434
7871.0126099587,+AC0-1,28,3.9028000832
7875.0280721188,+AC0-2,28,3.037899971
7880.009483099,+AC0-3,28,2.1656000614
7884.0219399929,+AC0-4,28,1.4139000177
7888.0313379765,+AC0-5,28,0.8453800082
7893.0389909744,+AC0-6,28,0.4629400074
7897.0418860912,+AC0-7,28,0.2321700007
7902.0519580841,+AC0-8,28,0.1066400036
7906.0696151257,+AC0-9,28,0.0448589996
7908.0636520386,+AC0-9,27,0.0408140011
7911.0606200695,+AC0-10,27,0.0159319993
7916.0851089954,+AC0-11,27,0.0056961002
7921.0927541256,+AC0-12,27,0.0018651
7924.0894260407,+AC0-13,27,0
7929.124737978,+AC0-14,27,0
7932.1156020165,+AC0-15,27,0
7937.1210660935,+AC0-16,27,0
7942.1409580708,+AC0-17,27,0
7945.1558260918,+AC0-18,27,0
7950.1857421398,+AC0-19,27,0
7971.1926801205,+AC0-18,27,0
7972.1756880283,+AC0-18,26,0
7975.2056751251,+AC0-18,25,0
7979.1941599846,+AC0-18,24,0
7999.2218060494,+AC0-17,24,0
8002.2416889668,+AC0-16,24,0
8004.2557430267,+AC0-16,25,0
8006.2512950897,+AC0-15,25,0
8009.2560770512,+AC0-14,25,0
8014.2559440136,+AC0-13,25,0
8018.2652730942,+AC0-12,25,0.0015644
8022.2605419159,+AC0-11,25,0.0046533998
8027.2860119343,+AC0-10,25,0.0126769999
8028.2689700127,+AC0-10,26,0.0143689997
8032.2716889381,+AC0-9,26,0.0363259986
8036.2801101208,+AC0-8,26,0.0841069967
8041.2897651196,+AC0-7,26,0.1783500016
8045.2865660191,+AC0-6,26,0.346359998
8049.2933609486,+AC0-5,26,0.6160299778
8053.32477808,+AC0-5,27,0.7296299934
8054.3091659546,+AC0-4,27,1.204300046
8059.3106720448,+AC0-3,27,1.8203999996
8063.307322979,+AC0-2,27,2.5202000141
8067.3179190159,+AC0-1,27,3.1953999996
8072.3368060589,0,27,3.7104001045
8078.3502900601,0,28,4.5921001434
8080.345361948,1,28,4.9484000206
8085.3556740284,2,28,4.883600235
8090.3662149906,3,28,4.4140000343
8094.3824391365,4,28,3.6538000107
8099.3876791,5,28,2.7699999809
8102.3863360882,5,29,3.5822000504
8103.3940219879,6,29,2.5202000141
8107.3925220966,7,29,1.6238000393
8112.3881399632,8,29,0.9581999779
8133.4302821159,8,28,0.712199986
8137.4484379292,8,27,0.5178499818
8140.4297180176,8,26,0.3683399856
8142.4436209202,9,26,0.1913399994
8160.4809350967,8,26,0.3683399856
8163.4660000801,7,26,0.6493999958
8166.4793989658,6,26,1.0485999584
8170.481085062,5,26,1.5506000519
8175.4659509659,4,26,2.0999999046
8178.477478981,3,26,2.6047000885
8182.49822402,2,26,2.9588000774
8186.4865059853,1,26,3.0782001019
8191.4938089848,0,26,2.9328999519
8192.4950330258,0,25,2.2678999901
8199.5192840099,+AC0-1,25,2.0051999092
8203.5293970108,+AC0-2,25,1.6238000393
8208.5152571201,+AC0-3,25,1.204300046
8212.5267210007,+AC0-4,25,0.8179600239
8217.5286040306,+AC0-5,25,0.5088199973
8221.5538599491,+AC0-6,25,0.2898800075
8224.5536820889,+AC0-7,25,0.1512500048
8229.5450570583,+AC0-8,25,0.0722730011
8233.574062109,+AC0-9,25,0.0316289999
8237.5763249397,+AC0-10,25,0.0126769999
8242.599050045,+AC0-11,25,0.0046533998
8245.5829510689,+AC0-12,25,0.0015644
8250.6139850617,+AC0-13,25,0
8256.6248409748,+AC0-14,25,0
8259.6139199734,+AC0-15,25,0
8263.6476581097,+AC0-16,25,0
8268.6141791344,+AC0-17,25,0
8271.6292390823,+AC0-18,25,0
8276.6367020607,+AC0-19,25,0
8299.6757640839,+AC0-19,24,0
8303.6812250614,+AC0-19,23,0
8306.6732671261,+AC0-19,22,0
8308.6748819351,+AC0-18,22,0
8330.7297921181,+AC0-17,22,0
8333.7505910397,+AC0-16,22,0
8336.7285809517,+AC0-15,22,0
8339.7378790379,+AC0-15,23,0
8341.7460069656,+AC0-14,23,0
8345.7838160992,+AC0-13,23,0
8350.773555994,+AC0-12,23,0
8355.7645881176,+AC0-11,23,0
8360.7722940445,+AC0-10,23,0
8362.7787880898,+AC0-10,24,0.0109409997
8363.7820949555,+AC0-9,24,0.0269409996
8367.8040599823,+AC0-8,24,0.060752999
8372.7950670719,+AC0-7,24,0.1254699975
8376.7967751026,+AC0-6,24,0.2373300046
8380.8238580227,+AC0-5,24,0.4111300111
8383.8218319416,+AC0-5,25,0.5088199973
8385.8253250122,+AC0-4,25,0.8179600239
8390.8352050781,+AC0-3,25,1.204300046
8393.8488349915,+AC0-2,25,1.6238000393
8397.8321499825,+AC0-1,25,2.0051999092
8402.8548569679,0,25,2.2678999901
8404.8567371368,0,26,2.9328999519
8410.8680009842,1,26,3.0782001019
8415.8851380348,2,26,2.9588000774
8418.8737099171,3,26,2.6047000885
8423.8791229725,4,26,2.0999999046
8425.8925709725,4,27,2.8006000519
8428.9009559155,5,27,2.095400095
8433.9060630798,6,27,1.4357999563
8437.9067630768,7,27,0.9010199904
8441.9023609161,8,27,0.5178499818
8463.9667711258,8,26,0.3683399856
8466.9742250443,8,25,0.2563099861
8470.9870250225,8,24,0.1744700074
8492.0897109509,7,24,0.3158200085
8495.086384058,6,24,0.5235700011
8499.11216712,5,24,0.7949200273
8503.1192190647,4,24,1.1053999662
8508.0996339321,3,24,1.4076000452
8513.1118609905,2,24,1.641800046
8518.1124739647,1,24,1.7537000179
8522.1264960766,0,24,1.7154999971
8530.1483309269,+AC0-1,24,1.5369999409
8531.1485729218,+AC0-1,23,0
8534.1394269466,+AC0-2,23,0
8539.1521229744,+AC0-3,23,0
8543.157763958,+AC0-4,23,0
8547.2005610466,+AC0-5,23,0
8551.1537001133,+AC0-6,23,0
8556.1758451462,+AC0-7,23,0
8560.1847219467,+AC0-8,23,0
8564.1976599693,+AC0-9,23,0
8568.2070651054,+AC0-10,23,0
8573.1871421337,+AC0-11,23,0
8577.2019340992,+AC0-12,23,0
8582.2276690006,+AC0-13,23,0
8587.2300751209,+AC0-14,23,0
8591.2295820713,+AC0-15,22,0
8595.2369771004,+AC0-16,22,0
8599.2300379276,+AC0-17,22,0
8604.2578599453,+AC0-18,22,0
8608.2492671013,+AC0-19,22,0
8632.3120720387,+AC0-18,21,0
8635.3186690807,+AC0-18,20,0
8639.3050460816,+AC0-18,19,0
8658.3534779549,+AC0-17,19,0
8659.339261055,+AC0-17,20,0
8661.3384311199,+AC0-16,20,0
8665.3708341122,+AC0-15,20,0
8669.3557889462,+AC0-14,20,0
8674.3645861149,+AC0-13,20,0
8675.3508610725,+AC0-13,21,0
8678.3645191193,+AC0-12,21,0
8683.3865571022,+AC0-11,21,0
8687.3815441132,+AC0-10,21,0
8691.39635396,+AC0-9,21,0
8694.3738660812,+AC0-9,22,0
8695.3863670826,+AC0-8,22,0
8700.3959169388,+AC0-7,22,0
8704.3854699135,+AC0-6,22,0
8709.4217300415,+AC0-5,22,0
8713.4047420025,+AC0-4,23,0
8717.4180750847,+AC0-3,23,0
8721.4147539139,+AC0-2,23,0
8726.4328150749,+AC0-1,23,0
8730.4964439869,0,23,0
8732.4436299801,0,24,1.7154999971
8740.4669289589,1,24,1.7537000179
8745.4825909138,2,24,1.641800046
8749.5078949928,3,24,1.4076000452
8752.4887099266,3,25,1.9359999895
8754.4841890335,4,25,1.5404000282
8758.498100996,5,25,1.1224999428
8762.5048999786,6,25,0.7491300106
8766.5119330883,7,25,0.4578799903
8770.5235581398,7,26,0.6493999958
8771.5221419335,8,26,0.3683399856
8791.5606489182,8,25,0.2563099861
8795.5483329296,8,24,0.1744700074
8798.5823419094,8,23,0
8801.6061611176,9,23,0
8819.6094770432,8,23,0
8822.643501997,7,22,0
8826.6547980309,6,22,0
8829.6346640587,5,22,0
8835.6277980805,4,22,0
8838.6555531025,3,22,0
8842.6686050892,2,22,0
8846.6793141365,1,22,0
8851.673486948,0,22,0
8859.6616220474,0,21,0
8860.6762990952,+AC0-1,21,0
8864.6722280979,+AC0-2,21,0
8868.6901400089,+AC0-3,21,0
8872.6817240715,+AC0-4,21,0
8876.723637104,+AC0-5,21,0
8881.6810119152,+AC0-6,21,0
8885.7069060803,+AC0-7,21,0
8889.7162079811,+AC0-8,21,0
8894.7125611305,+AC0-9,21,0
8898.7160480023,+AC0-10,21,0
8901.7255890369,+AC0-10,20,0
8902.7356550694,+AC0-11,20,0
8907.729115963,+AC0-12,20,0
8912.7420530319,+AC0-13,20,0
8916.7393040657,+AC0-14,20,0
8920.8141520023,+AC0-15,20,0
8924.7699999809,+AC0-16,20,0
8929.777269125,+AC0-17,20,0
8933.773004055,+AC0-18,20,0
8936.7796940804,+AC0-19,20,0
8957.8055200577,+AC0-19,19,0
8960.7929730415,+AC0-18,19,0
8961.7832400799,+AC0-18,18,0
8965.8131220341,+AC0-18,17,0
8986.8504259586,+AC0-17,17,0
8989.8458139896,+AC0-16,17,0
8993.8421289921,+AC0-15,17,0
8995.8584909439,+AC0-15,18,0
8997.850383997,+AC0-14,18,0
9000.8578360081,+AC0-13,18,0
9005.8572969437,+AC0-12,18,0
9010.8739790917,+AC0-11,18,0
9013.8782091141,+AC0-11,19,0
9015.8911011219,+AC0-10,19,0
9019.8976490498,+AC0-9,19,0
9024.9128191471,+AC0-8,19,0
9027.9177510738,+AC0-7,19,0
9029.9063470364,+AC0-7,20,0
9031.9136860371,+AC0-6,20,0
9035.918859005,+AC0-5,20,0
9040.930685997,+AC0-4,20,0
9045.9111909866,+AC0-3,20,0
9047.9363451004,+AC0-3,21,0
9049.9447219372,+AC0-2,21,0
9054.9301519394,+AC0-1,21,0
9057.9479551315,0,21,0
9064.9498729706,0,22,0
9066.9544920921,1,22,0
9071.9486601353,2,22,0
9075.9650170803,3,22,0
9080.9780910015,4,22,0
9083.9733350277,4,23,0
9084.9751179218,5,23,0
9088.982530117,6,23,0
9092.9921720028,7,23,0
9098.0232560635,8,23,0
9123.0576889515,8,22,0
9124.0733699799,9,22,0
9126.0578019619,9,21,0
9147.1015989781,9,20,0
9148.091807127,8,20,0
9152.0955181122,7,20,0
9155.1089229584,6,20,0
9159.1141290665,5,20,0
9164.1226649284,4,20,0
9167.128442049,3,20,0
9172.114743948,2,20,0
9176.1263160706,1,20,0
9178.1292519569,1,19,0
9181.1194939613,0,19,0
9190.1555249691,+AC0-1,19,0
9193.1623921394,+AC0-2,19,0
9197.1781060696,+AC0-3,19,0
9201.1729300022,+AC0-4,19,0
9206.1822011471,+AC0-5,19,0
9209.1917190552,+AC0-5,18,0
9210.1869249344,+AC0-6,18,0
9214.2067449093,+AC0-7,18,0
9219.1970660687,+AC0-8,18,0
9222.1998910904,+AC0-9,18,0
9226.2035429478,+AC0-10,18,0
9232.2349021435,+AC0-11,18,0
9236.2074980736,+AC0-12,18,0
9240.2244279385,+AC0-13,18,0
9244.2269260883,+AC0-13,17,0
9245.2510130406,+AC0-14,17,0
9249.260133028,+AC0-15,17,0
9253.2632069588,+AC0-16,17,0
9257.288515091,+AC0-17,17,0
9261.2956590653,+AC0-18,17,0
9284.310931921,+AC0-18,16,0
9288.3461239338,+AC0-18,15,0
9291.3299131394,+AC0-18,14,0
9311.3522601128,+AC0-17,14,0
9315.3573949337,+AC0-16,14,0
9318.3656859398,+AC0-15,14,0
9322.3660519123,+AC0-14,14,0
9326.3792150021,+AC0-13,14,0
9329.3777890205,+AC0-13,15,0
9330.3935420513,+AC0-12,15,0
9335.4014999867,+AC0-11,15,0
9339.4108541012,+AC0-10,15,0
9343.4150130749,+AC0-9,15,0
9347.417566061,+AC0-8,15,0
9351.4167630673,+AC0-7,15,0
9355.4140040875,+AC0-6,15,0
9361.4431331158,+AC0-5,15,0
9364.4455111027,+AC0-4,16,0
9368.4405999184,+AC0-3,16,0
9372.4625120163,+AC0-2,16,0
9376.4794120789,+AC0-1,16,0
9381.4950799942,0,16,0
9389.4980609417,1,16,0
9393.4870169163,2,16,0
9397.4900281429,3,17,0
9401.5154099464,4,17,0
9406.5076439381,5,17,0
9410.5244710445,6,17,0
9414.520015955,7,17,0
9419.5350110531,8,17,0
9423.5353169441,9,17,0
9428.5300180912,10,17,0
9453.5718479157,10,16,0
9454.5705571175,11,16,0
9457.5813100338,11,15,0
9460.5793659687,11,14,0
9480.6060140133,10,14,0
9483.6156489849,9,14,0
9486.6337659359,8,14,0
9491.6700799465,7,14,0
9494.6359701157,6,14,0
9499.6448919773,5,14,0
9503.665209055,4,14,0
9504.6354010105,4,13,0
9508.6523370743,3,13,0
9512.6623630524,2,13,0
9516.6693150997,1,13,0
9521.6869311333,0,13,0
9529.6999800205,+AC0-1,13,0
9533.7042341232,+AC0-2,13,0
9534.7401869297,+AC0-2,12,0
9536.7463440895,+AC0-3,12,0
9541.7387700081,+AC0-4,12,0
9545.7469511032,+AC0-5,12,0
9550.7635850906,+AC0-6,12,0
9554.7382190228,+AC0-7,12,0
9558.7514050007,+AC0-8,12,0
9562.7819240093,+AC0-9,12,0
9564.7736070156,+AC0-9,11,0
9566.7832541466,+AC0-10,11,0
9570.7919960022,+AC0-11,11,0
9575.7885439396,+AC0-12,11,0
9580.7739911079,+AC0-13,11,0
9584.8022639752,+AC0-14,11,0
9588.8042039871,+AC0-15,11,0
9592.8236830235,+AC0-16,11,0
9616.8608279228,+AC0-16,10,0
9619.8523080349,+AC0-16,9,0
9623.858727932,+AC0-15,8,0
9646.8940341473,+AC0-14,8,0
9649.902269125,+AC0-13,8,0
9653.8969471455,+AC0-12,9,0
9657.9073109627,+AC0-11,9,0
9662.906799078,+AC0-10,9,0
9667.9187231064,+AC0-9,9,0
9670.9406759739,+AC0-9,10,0
9671.9396529198,+AC0-8,10,0
9675.9451861382,+AC0-7,10,0
9679.9541540146,+AC0-6,10,0
9684.9430420399,+AC0-5,10,0
9685.9346010685,+AC0-5,11,0
9688.9503641129,+AC0-4,11,0
9693.9666481018,+AC0-3,11,0
9697.9594159126,+AC0-2,11,0
9701.9664769173,+AC0-1,11,0
9702.9682750702,+AC0-1,12,0
9706.9822311401,0,12,0
9716.0050051212,1,12,0
9719.9970481396,2,13,0
9724.9915280342,3,13,0
9729.0034351349,4,13,0
9733.0018939972,5,13,0
9735.0114409924,5,14,0
9737.0216860771,6,14,0
9742.0416381359,7,14,0
9747.0464980602,8,14,0
9751.0429749489,9,14,0
9752.0476551056,9,15,0
9754.0469660759,10,15,0
9778.120757103,11,15,0
9779.0803351402,11,14,0
9783.1339719296,11,13,0
9786.0894610882,11,12,0
9808.1292870045,10,12,0
9811.1319320202,9,12,0
9815.1263849735,8,12,0
9817.1403839588,8,11,0
9819.1400330067,7,11,0
9823.1631391049,6,11,0
9827.1825959683,5,11,0
9833.1673610211,4,11,0
9836.1681110859,3,11,0
9840.1761569977,2,11,0
9844.1897780895,1,11,0
9847.1944680214,1,10,0
9849.1962549687,0,10,0
9858.1948399544,+AC0-1,10,0
9863.2056291103,+AC0-2,10,0
9867.2427740097,+AC0-3,10,0
9872.2238061428,+AC0-4,10,0
9875.2329089642,+AC0-5,10,0
9878.2464849949,+AC0-5,9,0
9879.2403011322,+AC0-6,9,0
9884.2612330914,+AC0-7,9,0
9887.2434289456,+AC0-8,9,0
9892.2521939278,+AC0-9,9,0
9896.2706420422,+AC0-10,9,0
9900.3072271347,+AC0-11,9,0
9905.3060910702,+AC0-12,9,0
9909.3085100651,+AC0-13,8,0
9913.2982311249,+AC0-14,8,0
9918.3005559445,+AC0-15,8,0
9922.3430390358,+AC0-16,8,0
9945.3517251015,+AC0-15,7,0
9948.3505010605,+AC0-15,6,0
9952.3508961201,+AC0-15,5,0
9971.3800880909,+AC0-14,5,0
9973.3962919712,+AC0-14,6,0
9974.3868839741,+AC0-13,6,0
9978.3737030029,+AC0-12,6,0
9981.4039409161,+AC0-11,6,0
9986.4394450188,+AC0-10,6,0
9987.4413330555,+AC0-10,7,0
9990.4300370216,+AC0-9,7,0
9995.431000948,+AC0-8,7,0
9999.4595530033,+AC0-7,7,0
10001.4600150585,+AC0-7,8,0
10003.466809988,+AC0-6,8,0
10007.5072209835,+AC0-5,8,0
10012.5304889679,+AC0-4,8,0
10016.5179829597,+AC0-3,8,0
10018.5239419937,+AC0-3,9,0
10020.5189640522,+AC0-2,9,0
10025.5300431252,+AC0-1,9,0
10030.5335130692,0,9,0
10033.5330169201,0,10,0
10037.5459051132,1,10,0
10041.5394620895,2,10,0
10045.5620200634,3,10,0
10049.5572109222,3,11,0
10050.5960681438,4,11,0
10054.5617871284,5,11,0
10058.570207119,6,11,0
10062.5832021236,7,11,0
10064.5781071186,7,12,0
10067.5848281384,8,12,0
10072.5904300213,9,12,0
10076.5975410938,10,12,0
10080.6137650013,11,13,0
10103.6594040394,11,12,0
10105.6442730427,12,12,0
10106.6489601135,12,11,0
10110.6371340752,12,10,0
10132.7148840427,11,10,0
10135.7054829597,10,9,0
10139.7324769497,9,9,0
10144.7372140884,8,9,0
10149.7842109203,7,9,0
10152.7410569191,6,9,0
10156.7671790123,5,9,0
10160.7550990582,4,9,0
10165.7703621387,3,8,0
10170.7651441097,2,8,0
10174.7706649303,1,8,0
10179.78074193,0,8,0
10187.7973790169,+AC0-1,8,0
10191.8491790295,+AC0-2,8,0
10197.8278410435,+AC0-3,8,0
10198.8118040562,+AC0-3,7,0
10202.8052899838,+AC0-4,7,0
10206.8119800091,+AC0-5,7,0
10211.8320159912,+AC0-6,7,0
10215.8431351185,+AC0-7,7,0
10220.8556480408,+AC0-8,7,0
10224.8631291389,+AC0-9,7,0
10229.8604929447,+AC0-10,7,0
10231.8655669689,+AC0-10,6,0
10233.8790860176,+AC0-11,6,0
10237.929377079,+AC0-12,6,0
10241.8683071136,+AC0-13,6,0
10246.8914120197,+AC0-14,6,0
10272.9527740479,+AC0-14,5,0
10276.957942009,+AC0-14,4,0
10277.9596199989,+AC0-13,4,0
10280.9619050026,+AC0-13,3,0
10300.9840250015,+AC0-12,4,0
10304.9946370125,+AC0-11,4,0
10308.9999489784,+AC0-10,4,0
10310.0126459599,+AC0-10,5,0
10312.0218839645,+AC0-9,5,0
10317.0169429779,+AC0-8,5,0
10320.058054924,+AC0-8,6,0
10321.0588519573,+AC0-7,6,0
10325.0373520851,+AC0-6,6,0
10330.0556249619,+AC0-5,6,0
10331.0474889278,+AC0-5,7,0
10334.0775611401,+AC0-4,7,0
10338.0799260139,+AC0-3,7,0
10342.1022150517,+AC0-3,8,0
10343.0859720707,+AC0-2,8,0
10346.0820999146,+AC0-1,8,0
10351.100990057,0,8,0
10352.08467412,0,9,0
10359.121505022,1,9,0
10363.0995049477,2,10,0
10367.1273019314,3,10,0
10372.1364719868,4,10,0
10373.1384580135,4,11,0
10376.115694046,5,11,0
10381.1482589245,6,11,0
10384.1412279606,6,12,0
10385.1421589851,7,12,0
10389.157572031,8,12,0
10394.1820940971,9,12,0
10395.198923111,9,13,0
10398.1844060421,10,13,0
10402.1825959682,11,13,0
10426.2209401131,12,13,0
10427.2176680565,12,12,0
10430.2275879383,12,11,0
10452.3461821079,12,10,0
10453.3407349587,11,10,0
10456.357656002,10,10,0
10460.3615679741,9,10,0
10464.3695089817,8,10,0
10468.3825891018,7,10,0
10472.3667800426,6,10,0
10477.4062299728,5,10,0
10478.4008600712,5,9,0
10480.4105651379,4,9,0
10485.4041600227,3,9,0
10488.4033489227,2,9,0
10492.4147720337,1,9,0
10497.4261879921,0,9,0
10506.4458050728,+AC0-1,9,0
10510.4461159706,+AC0-1,8,0
10511.4649169445,+AC0-2,8,0
10516.4958260059,+AC0-3,8,0
10520.4906561375,+AC0-4,8,0
10525.4870660305,+AC0-5,8,0
10529.5194730759,+AC0-6,8,0
10533.5174930096,+AC0-7,8,0
10537.5100960732,+AC0-8,8,0
10542.5156600475,+AC0-9,8,0
10544.5211889744,+AC0-9,7,0
10546.5169279575,+AC0-10,7,0
10550.5198550224,+AC0-11,7,0
10554.5152420998,+AC0-12,7,0
10560.5588231087,+AC0-13,7,0
10563.5373020172,+AC0-14,7,0
10568.538697958,+AC0-15,7,0
10591.586122036,+AC0-15,6,0
10595.5789849758,+AC0-15,5,0
10596.5973489285,+AC0-14,5,0
10599.6012649536,+AC0-14,4,0
10620.6305019856,+AC0-13,4,0
10624.6408650875,+AC0-12,4,0
10625.624956131,+AC0-12,5,0
10627.6401929855,+AC0-11,5,0
10631.643155098,+AC0-10,5,0
10635.6715240479,+AC0-9,5,0
10637.6463971138,+AC0-9,6,0
10640.6491451263,+AC0-8,6,0
10644.6803741455,+AC0-7,6,0
10648.6933379173,+AC0-6,6,0
10652.6746380329,+AC0-6,7,0
10653.6823420525,+AC0-5,7,0
10658.6966679096,+AC0-4,7,0
10662.6858789921,+AC0-3,7,0
10666.7124409676,+AC0-3,8,0
10667.7185730934,+AC0-2,8,0
10671.7083930969,+AC0-1,8,0
10676.7078340054,0,8,0
10682.709800005,0,9,0
10685.7427210808,1,9,0
10690.7679309845,2,9,0
10695.7583069801,3,9,0
10696.7477879524,3,10,0
10698.7561690807,4,10,0
10703.7699890137,5,10,0
10708.8032341003,6,10,0
10710.7829270363,6,11,0
10712.7783520222,7,11,0
10716.7754230499,8,11,0
10721.8135099411,9,11,0
10724.8155429363,9,12,0
10725.8206350803,10,12,0
10729.8162479401,11,12,0
10753.8701050282,12,12,0
10755.8582520485,12,11,0
10758.878152132,12,10,0
10762.8734369278,12,9,0
10783.9012379646,11,9,0
10786.9112861156,10,9,0
10791.920331955,9,9,0
10796.9385900497,8,9,0
10797.9262671471,8,8,0
10799.9306199551,7,8,0
10802.9272429943,6,8,0
10807.9242920876,5,8,0
10811.9444339275,4,8,0
10816.944920063,3,8,0
10820.946308136,2,8,0
10821.9638779163,2,7,0
10824.9854869843,1,7,0
10828.9677450657,0,7,0
10838.9868359566,+AC0-1,7,0
10842.9788339138,+AC0-2,7,0
10846.9856929779,+AC0-3,7,0
10849.9845700264,+AC0-3,6,0
10852.0049090385,+AC0-4,6,0
10855.99725914,+AC0-5,6,0
10860.0113530159,+AC0-6,6,0
10865.0261781216,+AC0-7,6,0
10868.0161929131,+AC0-8,6,0
10872.014537096,+AC0-9,6,0
10875.0459730625,+AC0-9,5,0
10877.0297410488,+AC0-10,5,0
10881.0392100811,+AC0-11,5,0
10886.038588047,+AC0-12,5,0
10889.0220661163,+AC0-13,5,0
10894.0404720306,+AC0-14,5,0
10898.0702700615,+AC0-15,5,0
10920.0669219494,+AC0-15,4,0
10922.0693390369,+AC0-14,4,0
10924.0767960548,+AC0-14,3,0
10927.0987670422,+AC0-14,2,0
10948.1203560829,+AC0-13,2,0
10951.1241309643,+AC0-12,2,0
10954.1339459419,+AC0-12,3,0
10955.1202549934,+AC0-11,3,0
10958.1427280903,+AC0-10,3,0
10963.1306419373,+AC0-9,3,0
10968.1532869339,+AC0-8,4,0
10972.1602060795,+AC0-7,4,0
10976.1662290096,+AC0-6,4,0
10980.1843910217,+AC0-5,4,0
10981.1566889286,+AC0-5,5,0
10985.1806960106,+AC0-4,5,0
10989.1951861382,+AC0-3,5,0
10994.2211179733,+AC0-2,5,0
10996.216381073,+AC0-2,6,0
10999.2054140568,+AC0-1,6,0
11003.2195689678,0,6,0
11011.2389969826,0,7,0
11012.2456381321,1,7,0
11017.2335441113,2,7,0
11021.2755730152,3,7,0
11025.2641010284,3,8,0
11026.270442009,4,8,0
11030.2836220264,5,8,0
11034.2825710773,6,8,0
11039.3098881245,7,9,0
11043.2960789204,8,9,0
11047.3152780533,9,9,0
11051.3183801174,10,9,0
11052.3260300159,10,10,0
11056.3269240856,11,10,0
11060.3151180744,12,10,0
11082.3616650105,12,9,0
11086.3458549976,12,8,0
11088.351829052,13,8,0
11089.351970911,13,7,0
11109.381592989,12,7,0
11112.395565033,11,7,0
11115.4243431091,10,7,0
11119.4345021248,9,7,0
11121.4091029167,9,6,0
11124.4372551441,8,6,0
11128.4275729656,7,6,0
11133.4325299263,6,6,0
11137.4357640743,5,6,0
11140.4385089874,4,6,0
11145.4769570828,3,5,0
11148.4550259113,2,5,0
11153.4685540199,1,5,0
11158.4905400276,0,5,0
11166.508701086,+AC0-1,5,0
11169.5147709847,+AC0-1,4,0
11170.500592947,+AC0-2,4,0
11176.5122230053,+AC0-3,4,0
11180.520072937,+AC0-4,4,0
11185.5469801426,+AC0-5,4,0
11189.5213711262,+AC0-6,4,0
11193.5280370712,+AC0-7,4,0
11197.5447449684,+AC0-7,3,0
11198.5758430958,+AC0-8,3,0
11202.5529129505,+AC0-9,3,0
11207.5682771206,+AC0-10,3,0
11212.5581181049,+AC0-11,3,0
11216.5991289616,+AC0-12,3,0
11221.5982151032,+AC0-13,3,0
11224.6105620861,+AC0-13,2,0
11226.6057181358,+AC0-14,2,0
11246.6185350418,+AC0-13,2,0
11249.6524419785,+AC0-13,1,0
11253.6460530758,+AC0-13,0,0
11254.6482300758,+AC0-12,0,0
11276.6797790527,+AC0-11,0,0
11280.6810469627,+AC0-10,0,0
11282.6686019897,+AC0-10,1,0
11283.6928701401,+AC0-9,1,0
11288.7071800232,+AC0-8,1,0
11292.7088770866,+AC0-7,1,0
11295.714236021,+AC0-7,2,0
11296.7173690796,+AC0-6,2,0
11301.7464740276,+AC0-5,2,0
11306.734413147,+AC0-4,2,0
11309.7543599606,+AC0-4,3,0
11310.7456920147,+AC0-3,3,0
11314.7468810081,+AC0-2,3,0
11319.7469639778,+AC0-1,3,0
11323.7896630764,0,4,0
11333.7841129303,1,4,0
11338.7979650497,2,4,0
11339.8014581203,2,5,0
11343.8000540733,3,5,0
11348.8105840683,4,5,0
11352.8118209839,5,5,0
11353.8549799919,5,6,0
11357.8149430752,6,6,0
11361.8326120377,7,6,0
11367.8354990482,8,6,0
11368.8510799408,8,7,0
11370.8556461334,9,7,0
11375.8600809574,10,7,0
11380.8517789841,11,7,0
11383.8417510986,11,8,0
11384.8683350086,12,8,0
11406.8968350887,12,7,0
11409.8793759346,13,7,0
11410.893130064,13,6,0
11413.9051389694,13,5,0
11435.9990880489,12,5,0
11439.0150771141,11,5,0
11442.0097670555,11,4,0
11443.0124149323,10,4,0
11447.0114481449,9,4,0
11451.0176010132,8,4,0
11456.014111042,7,4,0
11460.0376560688,6,4,0
11464.0286080837,5,4,0
11468.0531311035,4,4,0
11473.0518319607,3,4,0
11474.0997679234,3,3,0
11477.060956955,2,3,0
11481.0776331425,1,3,0
11486.0826580524,0,3,0
11495.0965230465,+AC0-1,3,0
11500.1129591465,+AC0-2,3,0
11505.1257619858,+AC0-3,3,0
11509.1364750862,+AC0-4,3,0
11510.1446490288,+AC0-4,2,0
11513.1403260231,+AC0-5,2,0
11517.1361589432,+AC0-6,2,0
11521.1515929699,+AC0-7,2,0
11525.1455841064,+AC0-8,2,0
11530.1502420902,+AC0-9,2,0
11533.167484045,+AC0-10,2,0
11537.1740009785,+AC0-11,2,0
11538.1986689568,+AC0-11,1,0
11542.1857199669,+AC0-12,1,0
11546.2142181396,+AC0-13,1,0
11551.1913471222,+AC0-14,1,0
11555.2028470039,+AC0-15,1,0
11576.2429459095,+AC0-14,1,0
11577.2667229176,+AC0-14,0,0
11584.2806839943,+AC0-14,+AC0-1,0
11585.2624521255,+AC0-13,+AC0-1,0
11606.2908549309,+AC0-12,0,0
11610.2903859615,+AC0-11,0,0
11613.2893390656,+AC0-10,0,0
11617.3129010201,+AC0-9,0,0
11622.3216991425,+AC0-8,0,0
11627.3323171139,+AC0-7,0,0
11631.3164401054,+AC0-6,0,0
11633.3273191452,+AC0-6,1,0
11636.3362240791,+AC0-5,1,0
11640.3293690681,+AC0-4,1,0
11645.3541760445,+AC0-3,1,0
11647.3628821373,+AC0-3,2,0
11649.3522920609,+AC0-2,2,0
11654.3549249172,+AC0-1,2,0
11659.3728051186,0,2,0
11663.366122961,0,3,0
11668.3769249916,1,3,0
11672.3774690628,2,3,0
11677.3985710144,3,3,0
11678.417345047,3,4,0
11682.4818239212,4,4,0
11686.4685771465,5,4,0
11691.4745900631,6,4,0
11692.4877159596,6,5,0
11696.4819860458,7,5,0
11700.4859609604,8,5,0
11705.5287549496,9,5,0
11708.5105600357,9,6,0
11710.5076730251,10,6,0
11714.5257389545,11,6,0
11738.5519781113,11,5,0
11739.5665540695,12,5,0
11742.5526940823,12,4,0
11745.5540060997,12,3,0
11765.5800149441,11,3,0
11769.6010780334,10,3,0
11772.6214790344,9,3,0
11778.6096229553,8,3,0
11781.6218080521,7,3,0
11783.6257219315,7,2,0
11786.6225790977,6,2,0
11791.6237671375,5,2,0
11795.6405940056,4,2,0
11799.641463995,3,2,0
11803.6618859768,2,2,0
11807.6560959816,1,2,0
11812.6549220085,0,2,0
11815.6472239494,0,1,0
11821.6604189873,+AC0-1,1,0
11825.6689169407,+AC0-2,1,0
11830.6835210323,+AC0-3,1,0
11834.69196105,+AC0-4,1,0
11839.6794109344,+AC0-5,1,0
11842.6864480972,+AC0-6,1,0
11846.6999640465,+AC0-7,1,0
11847.6960580349,+AC0-7,0,0
11851.7539651394,+AC0-8,0,0
11855.7140059471,+AC0-9,0,0
11858.7243819237,+AC0-10,0,0
11863.7352800369,+AC0-11,0,0
11867.7462520599,+AC0-12,0,0
11871.7408130169,+AC0-13,0,0
11875.7429721355,+AC0-14,0,0
11880.7420260906,+AC0-15,0,0
11884.7722430229,+AC0-16,0,0
11905.7786409855,+AC0-15,0,0
11908.7971479893,+AC0-15,+AC0-1,0
11911.7857251167,+AC0-15,+AC0-2,0
11914.7934551239,+AC0-14,+AC0-2,0
11915.7866270542,+AC0-14,+AC0-3,0
11933.8321530819,+AC0-14,+AC0-2,0
11936.8338980675,+AC0-13,+AC0-2,0
11939.8168120384,+AC0-12,+AC0-2,0
11943.8391480446,+AC0-11,+AC0-1,0
11947.8474581242,+AC0-10,+AC0-1,0
11952.8624780178,+AC0-9,+AC0-1,0
11956.8746769428,+AC0-8,+AC0-1,0
11957.8752801418,+AC0-8,0,0
11961.8748030663,+AC0-7,0,0
11965.902960062,+AC0-6,0,0
11970.8971149921,+AC0-5,0,0
11974.9287309647,+AC0-4,0,0
11978.9239621162,+AC0-3,0,0
11983.9059000015,+AC0-2,0,0
11986.9151370525,+AC0-2,1,0
11988.9287600517,+AC0-1,1,0
11993.9527029991,0,1,0
12002.95499897,0,2,0
12003.9563651085,1,2,0
12007.9694709778,2,2,0
12013.9822480679,3,2,0
12018.9707801342,4,3,0
12023.978219986,5,3,0
12027.9945089817,6,3,0
12033.9948680401,7,4,0
12037.0099239349,8,4,0
12042.0122079849,9,4,0
12047.0381441116,10,4,0
12048.0296170712,10,5,0
12128.1772010326,10,4,0
12131.2033541203,10,3,0
12134.1986410618,10,2,0
12157.2483661175,9,2,0
12161.2294359207,8,2,0
12164.2534680367,7,2,0
12168.2295970917,6,2,0
12173.2622580528,5,2,0
12177.2658839226,4,2,0
12180.2468900681,4,3,0
12182.2693760395,3,3,0
12185.2539889812,2,3,0
12189.2619559765,1,3,0
12193.2822439671,0,3,0
12202.2949240208,+AC0-1,3,0
12204.2948250771,+AC0-1,4,0
12206.2862110138,+AC0-2,4,0
12210.2960569859,+AC0-3,4,0
12215.3121910095,+AC0-4,4,0
12219.3302669525,+AC0-5,4,0
12223.3407571316,+AC0-6,4,0
12227.3368229866,+AC0-7,4,0
12230.3291330338,+AC0-7,5,0
12231.3414111137,+AC0-8,5,0
12236.3490810394,+AC0-9,5,0
12240.3592560291,+AC0-10,5,0
12245.3672549725,+AC0-11,5,0
12248.3724079132,+AC0-12,5,0
12253.3943629265,+AC0-13,5,0
12255.3968100548,+AC0-13,6,0
12257.3723800182,+AC0-14,6,0
12262.3822379112,+AC0-15,6,0
12267.3941631317,+AC0-16,6,0
12270.4023609161,+AC0-17,6,0
12274.4054529667,+AC0-18,6,0
12279.4322760105,+AC0-19,6,0
12281.4265310764,+AC0-19,7,0
12283.418669939,+AC0-20,7,0
12287.425770998,+AC0-21,7,0
12291.4427700043,+AC0-22,7,0
12318.4629750252,+AC0-21,6,0
12321.4862809181,+AC0-21,5,0
12325.4870760441,+AC0-21,4,0
12344.5217721462,+AC0-20,4,0
12346.526763916,+AC0-20,5,0
12347.5404369831,+AC0-19,5,0
12351.5352940559,+AC0-18,5,0
12355.5553741455,+AC0-17,5,0
12357.545814991,+AC0-17,6,0
12360.5587129593,+AC0-16,6,0
12364.5483651161,+AC0-15,6,0
12368.5510571003,+AC0-14,6,0
12371.5652050972,+AC0-14,7,0
12373.5603430271,+AC0-13,7,0
12378.5788240433,+AC0-12,7,0
12383.5796780586,+AC0-11,7,0
12385.5828750134,+AC0-11,8,0
12386.5727629662,+AC0-10,8,0
12391.5953779221,+AC0-9,8,0
12394.5862529278,+AC0-8,8,0
12397.605643034,+AC0-8,9,0
12398.6110510826,+AC0-7,9,0
12403.6147890091,+AC0-6,9,0
12407.6159031391,+AC0-5,9,0
12412.6116979122,+AC0-4,10,0
12416.6401939392,+AC0-3,10,0
12421.6522059441,+AC0-2,10,0
12426.642015934,+AC0-1,11,0
12430.654761076,0,11,0
12439.6669471264,1,11,0
12441.6850020885,1,12,0
12444.6690380573,2,12,0
12447.6865200996,3,12,0
12451.6951880455,4,12,0
12453.7048590183,4,13,0
12457.7185800076,5,13,0
12480.7516729832,6,12,0
12484.7554869652,6,11,0
12487.7476871014,6,10,0
12509.8043320179,5,10,0
12512.7848060131,4,10,0
12515.7847409248,4,9,0
12516.7965090275,3,9,0
12521.793061018,2,9,0
12525.8257920742,1,9,0
12529.8466739655,0,9,0
12537.8475239277,+AC0-1,9,0
12540.8504951,+AC0-1,8,0
12542.8455741405,+AC0-2,8,0
12546.8640780449,+AC0-3,8,0
12551.8620951176,+AC0-4,8,0
12556.8723120689,+AC0-5,8,0
12561.8701679707,+AC0-6,8,0
12565.877712965,+AC0-7,7,0
12569.8738470078,+AC0-8,7,0
12574.8880591393,+AC0-9,7,0
12577.8893151283,+AC0-10,7,0
12582.8915529251,+AC0-11,7,0
12585.9188320637,+AC0-12,7,0
12588.9013941288,+AC0-12,6,0
12590.9051270485,+AC0-13,6,0
12595.9086370468,+AC0-14,6,0
12599.9243850708,+AC0-15,6,0
12602.9164049625,+AC0-16,6,0
12607.941172123,+AC0-17,6,0
12612.9506659508,+AC0-18,6,0
12613.9500451088,+AC0-18,5,0
12616.9545500278,+AC0-19,5,0
12620.9678189754,+AC0-20,5,0
12625.9593379498,+AC0-21,5,0
12648.9954509735,+AC0-21,4,0
12651.0085439682,+AC0-20,4,0
12652.0225059986,+AC0-20,3,0
12656.0136840343,+AC0-20,2,0
12676.0502400398,+AC0-19,2,0
12678.0499460697,+AC0-19,3,0
12679.0552380085,+AC0-18,3,0
12683.0547161102,+AC0-17,3,0
12687.0574150085,+AC0-16,3,0
12689.0742239952,+AC0-16,4,0
12691.0724079609,+AC0-15,4,0
12696.0751869679,+AC0-14,4,0
12700.092318058,+AC0-13,4,0
12703.0938670635,+AC0-13,5,0
12704.0857160091,+AC0-12,5,0
12709.094547987,+AC0-11,5,0
12714.1102619171,+AC0-10,5,0
12716.1033780575,+AC0-10,6,0
12718.1022310257,+AC0-9,6,0
12723.1270270348,+AC0-8,6,0
12728.1456339359,+AC0-7,6,0
12730.1523900032,+AC0-7,7,0
12733.1466739178,+AC0-6,7,0
12737.1448321342,+AC0-5,7,0
12742.1533179283,+AC0-4,7,0
12744.1842811108,+AC0-4,8,0
12747.179117918,+AC0-3,8,0
12751.1690580845,+AC0-2,8,0
12756.2070169449,+AC0-1,8,0
12759.1978571415,+AC0-1,9,0
12760.2021141052,0,9,0
12770.2038500309,1,9,0
12772.2009289265,1,10,0
12774.2479000092,2,10,0
12779.2284760475,3,10,0
12784.2309780121,4,10,0
12786.2354741097,4,11,0
12788.2391469479,5,11,0
12810.2551720142,5,10,0
12813.2568249702,5,9,0
12814.2614350319,6,9,0
12817.2749340534,6,8,0
12838.2837209702,5,8,0
12842.2957699299,4,7,0
12845.2997510433,3,7,0
12849.3030340672,2,7,0
12854.3118269444,1,7,0
12858.3164799213,0,7,0
12863.3330249786,0,6,0
12868.3595509529,+AC0-1,6,0
12872.3730690479,+AC0-2,6,0
12877.3956251144,+AC0-3,6,0
12881.3852601051,+AC0-4,6,0
12884.3931670189,+AC0-4,5,0
12885.3923881054,+AC0-5,5,0
12889.4156191349,+AC0-6,5,0
12894.4320049286,+AC0-7,5,0
12898.4417459965,+AC0-8,5,0
12902.4232559204,+AC0-9,5,0
12905.4328980446,+AC0-9,4,0
12907.4354951382,+AC0-10,4,0
12911.4387259483,+AC0-11,4,0
12915.4468529224,+AC0-12,4,0
12920.4606161118,+AC0-13,4,0
12923.4691500664,+AC0-14,4,0
12925.4604001045,+AC0-14,3,0
12928.4858019352,+AC0-15,3,0
12932.4868850708,+AC0-16,3,0
12937.4875180721,+AC0-17,3,0
12940.5021390915,+AC0-18,3,0
12945.5033791065,+AC0-19,2,0
12949.4970440865,+AC0-20,2,0
12954.5336430073,+AC0-21,2,0
12978.542181015,+AC0-20,1,0
12982.5651929379,+AC0-20,0,0
12983.5548229218,+AC0-19,0,0
13006.6408350468,+AC0-18,0,0
13010.6159300804,+AC0-17,1,0
13014.606482029,+AC0-16,1,0
13017.6130399704,+AC0-16,2,0
13018.6110780239,+AC0-15,2,0
13023.6299519539,+AC0-14,2,0
13025.6176581383,+AC0-14,3,0
13027.6282811165,+AC0-13,3,0
13032.6222040653,+AC0-12,3,0
13033.6449389458,+AC0-12,4,0
13036.6454799175,+AC0-11,4,0
13040.6438660622,+AC0-10,4,0
13041.6661760807,+AC0-10,5,0
13045.6823151112,+AC0-9,5,0
13049.6573529243,+AC0-8,6,0
13054.6860589981,+AC0-7,6,0
13057.6821389198,+AC0-7,7,0
13058.708781004,+AC0-6,7,0
13063.6776609421,+AC0-5,7,0
13065.6972739697,+AC0-5,8,0
13067.7004849911,+AC0-4,8,0
13072.7170801163,+AC0-3,8,0
13073.7200989723,+AC0-3,9,0
13076.7127490044,+AC0-2,9,0
13080.735626936,+AC0-1,9,0
13081.7478561401,+AC0-1,10,0
13084.7337429523,0,10,0
13088.7379040718,0,11,0
13093.7458939552,1,11,0
13096.7451291084,1,12,0
13097.7436089516,2,12,0
13102.7397420406,3,12,0
13104.7560429573,3,13,0
13106.7603011131,4,13,0
13190.9006550312,4,12,0
13193.9246051311,5,11,0
13197.9012651443,5,10,0
13217.9518280029,4,10,0
13221.9478530884,3,10,0
13224.967523098,2,10,0
13225.9418849945,2,9,0
13229.9462890625,1,9,0
13233.9566600323,0,9,0
13241.9695310593,+AC0-1,9,0
13246.9794669151,+AC0-2,8,0
13251.9931240082,+AC0-3,8,0
13254.9891960621,+AC0-4,8,0
13260.0103499889,+AC0-5,8,0
13264.0177819729,+AC0-6,8,0
13267.0154540539,+AC0-6,7,0
13268.9952850342,+AC0-7,7,0
13273.0195910931,+AC0-8,7,0
13277.0169489384,+AC0-9,7,0
13282.0408110619,+AC0-10,7,0
13287.0464200974,+AC0-11,7,0
13288.0537230968,+AC0-11,6,0
13291.0556509495,+AC0-12,6,0
13295.0622000694,+AC0-13,6,0
13300.0625700951,+AC0-14,6,0
13303.0614180565,+AC0-15,6,0
13308.068269968,+AC0-15,5,0
13309.0848281384,+AC0-16,5,0
13313.0778911114,+AC0-17,5,0
13318.0962729454,+AC0-18,5,0
13322.1112940311,+AC0-19,5,0
13327.1097581387,+AC0-20,5,0
13328.1127159595,+AC0-20,4,0
13330.1127121449,+AC0-21,4,0
13334.1181149483,+AC0-22,4,0
13357.1506729126,+AC0-21,4,0
13358.1758401394,+AC0-21,3,0
13362.2053530216,+AC0-21,2,0
13365.1854259968,+AC0-20,1,0
13384.2093679905,+AC0-20,2,0
13386.2104170322,+AC0-19,2,0
13390.2258119583,+AC0-18,2,0
13393.2186031342,+AC0-18,3,0
13394.2231600285,+AC0-17,3,0
13398.2329759598,+AC0-16,3,0
13403.2577600479,+AC0-15,3,0
13405.2426850796,+AC0-15,4,0
13407.2505459785,+AC0-14,4,0
13412.2464289665,+AC0-13,4,0
13416.2534511089,+AC0-12,5,0
13421.2727580071,+AC0-11,5,0
13426.2839269638,+AC0-10,5,0
13429.2703549862,+AC0-10,6,0
13430.2787480354,+AC0-9,6,0
13435.294739008,+AC0-8,6,0
13440.3101789951,+AC0-7,6,0
13442.2929530144,+AC0-7,7,0
13444.2926621437,+AC0-6,7,0
13448.3103430271,+AC0-5,7,0
13453.3413081169,+AC0-4,7,0
13454.3496310711,+AC0-4,8,0
13458.3332259655,+AC0-3,8,0
13462.3262829781,+AC0-2,8,0
13467.3350870609,+AC0-2,9,0
13468.3384840488,+AC0-1,9,0
13471.344547987,0,9,0
13477.3719301224,0,10,0
13480.3590960503,1,10,0
13485.3683459759,2,10,0
13490.3951129913,3,11,0
13494.4106030464,4,11,0
,,,16.6840000153
