Time,Position_x,Position_y,Metrics
1.7989649772644043,-3,37,0.0
3.1218130588531494,-4,37,0.0
5.2239670753479,-5,37,0.0
7.262343883514404,-6,37,0.0
9.326895952224731,-7,37,0.0
11.48245096206665,-8,37,0.0
12.983439922332764,-8,38,0.0
13.561532020568848,-9,38,0.0
15.726797103881836,-10,38,0.0
17.85055899620056,-11,38,0.0
20.036938905715942,-12,38,0.0
20.547220945358276,-12,39,0.0
22.149003982543945,-13,39,0.0
24.449512004852295,-14,39,0.0
26.387768030166626,-14,40,0.0
26.6874361038208,-15,40,0.0
28.915894031524658,-16,40,0.0
31.208718061447144,-17,40,0.0
31.340008020401,-17,41,0.0
33.577966928482056,-18,41,0.0
35.74667501449585,-18,42,0.0
35.86069893836975,-19,42,0.0
63.13027811050415,-19,41,0.0
65.23321604728699,-19,40,0.0
67.47885298728943,-19,39,0.0
69.53266501426697,-19,38,0.0
71.58645105361938,-19,37,0.0
73.57671189308167,-19,36,0.0
75.61693596839905,-19,35,0.0
77.71422410011292,-19,34,0.0
79.82756495475769,-19,33,0.0
81.7357189655304,-19,32,0.0
83.75393795967102,-19,31,0.0
85.93485498428345,-19,30,0.0
87.97658395767212,-19,29,0.0
91.42339897155762,-19,28,0.0
94.585697889328,-19,27,0.0
97.7307460308075,-19,26,0.0
99.82775092124939,-19,25,0.0
101.89143300056458,-19,24,0.0
104.794184923172,-19,23,0.0
107.07991099357605,-19,22,0.0
109.1023120880127,-19,21,0.0
110.02237606048584,-18,21,0.0
111.287770986557,-18,20,0.0
113.29158592224121,-18,19,0.0
115.38934206962585,-18,18,0.0
117.3844850063324,-18,17,0.0
120.37238907814026,-18,16,0.0
123.51908493041992,-18,15,0.0
125.89452195167542,-18,14,0.0
127.86194109916687,-18,13,0.0
130.04011607170105,-18,12,0.0
134.1130530834198,-18,11,0.0
136.31867790222168,-18,10,0.0
138.41961288452148,-18,9,0.0
140.49424600601196,-18,8,0.0
142.48373794555664,-17,8,0.0
142.56601190567017,-17,7,0.0
144.79391193389893,-17,6,0.0
146.91666293144226,-17,5,0.0
148.76622009277344,-17,4,0.0
150.88916993141174,-17,3,0.0
153.0658049583435,-17,2,0.0
155.05905103683472,-17,1,0.0
157.030592918396,-17,0,0.0
162.52987408638,-17,-1,0.0
165.53060507774353,-17,-2,2.538999979151413e-05
167.58000302314758,-17,-3,0.00010502000077394769
169.6217041015625,-17,-4,0.0003978199965786189
172.79363298416138,-17,-5,0.001380200032144785
174.8018798828125,-17,-6,0.004385299980640411
176.969379901886,-17,-7,0.012760999612510204
179.08194398880005,-17,-8,0.034008000046014786
181.12653493881226,-17,-9,0.08300600200891495
183.31154704093933,-17,-10,0.1855500042438507
186.80411505699158,-17,-11,0.37985000014305115
188.8763129711151,-17,-12,0.7121999859809875
189.5362401008606,-16,-12,0.6522600054740906
190.97710609436035,-16,-13,0.41113001108169556
193.11203503608704,-16,-14,0.23733000457286835
195.12479400634766,-16,-15,0.12546999752521515
197.1355860233307,-16,-16,0.060752999037504196
199.206209897995,-16,-17,0.026940999552607536
202.31534910202026,-16,-18,0.01094099972397089
221.4463620185852,-15,-18,0.012676999904215336
224.30711197853088,-14,-18,0.014368999749422073
227.1232030391693,-13,-18,0.015931999310851097
229.2753450870514,-12,-18,0.017281999811530113
232.09742999076843,-11,-18,0.018339000642299652
234.2984368801117,-10,-18,0.019037000834941864
236.41006898880005,-9,-18,0.019331999123096466
238.5141999721527,-8,-18,0.0192050002515316
241.40393090248108,-7,-18,0.018664000555872917
243.46889305114746,-6,-18,0.017743999138474464
245.65337896347046,-5,-18,0.016503000631928444
248.4231390953064,-4,-18,0.01501499954611063
250.58611297607422,-3,-18,0.013364000245928764
252.63782501220703,-2,-18,0.011636000126600266
255.01743698120117,-1,-18,0.00991090014576912
257.5694570541382,0,-18,0.00825829990208149
262.4266290664673,1,-18,0.006731600034981966
264.6680700778961,2,-18,0.005367899779230356
267.49620389938354,3,-18,0.004187500104308128
269.70777702331543,4,-18,0.0031955998856574297
271.7919239997864,5,-18,0.0023856000043451786
274.6691210269928,6,-18,0.001742199994623661
277.66021394729614,7,-17,0.0041507999412715435
279.77201890945435,8,-17,0.0029394999146461487
281.8298029899597,9,-17,0.002036500023677945
283.8010540008545,10,-17,0.001380200032144785
285.9157350063324,11,-17,0.0009150399710051715
290.0973250865936,12,-17,0.0005934800137765706
292.269287109375,13,-17,0.0003765499859582633
294.343789100647,14,-17,0.0002337199985049665
296.4415669441223,15,-17,0.0
313.31543803215027,15,-16,0.0
314.75925493240356,14,-16,0.0007828400121070445
315.34735202789307,14,-15,0.00240139989182353
317.36668705940247,14,-14,0.006746499799191952
319.587110042572,14,-13,0.017357999458909035
322.6740930080414,14,-12,0.0409029982984066
324.69034910202026,14,-11,0.08827400207519531
326.8592140674591,14,-10,0.17447000741958618
329.63303804397583,14,-9,0.31582000851631165
331.69350695610046,14,-8,0.5235700011253357
334.77660608291626,14,-7,0.794920027256012
336.8522729873657,14,-6,1.1053999662399292
339.70375394821167,14,-5,1.4076000452041626
341.79101300239563,14,-4,1.641800045967102
343.8131260871887,14,-3,1.7537000179290771
345.95774388313293,14,-2,1.715499997138977
348.1203019618988,14,-1,1.5369999408721924
350.12589597702026,14,0,1.261199951171875
354.16710805892944,14,1,0.9477300047874451
357.23356103897095,14,2,0.6522600054740906
359.4139060974121,14,3,0.41113001108169556
361.6035759449005,14,4,0.23733000457286835
365.05033111572266,14,5,0.12546999752521515
367.10289692878723,14,6,0.060752999037504196
369.2489080429077,14,7,0.026940999552607536
372.388258934021,14,8,0.01094099972397089
373.65791392326355,13,8,0.012676999904215336
374.50196599960327,13,9,0.004653399810194969
376.6030089855194,13,10,0.0015644000377506018
378.7120010852814,13,11,0.0
380.75679206848145,13,12,0.0
382.8226261138916,13,13,0.0
384.84725189208984,13,14,0.0
387.90106987953186,13,15,0.0
390.99627208709717,13,16,0.0
392.9263870716095,13,17,0.0
395.9002730846405,13,18,0.0
398.05463790893555,13,19,0.0
400.3164119720459,13,20,0.0
403.12231492996216,13,21,0.0
405.34744691848755,13,22,0.0
407.29193091392517,13,23,0.0
409.3629660606384,13,24,0.0
411.61722803115845,13,25,0.0
414.96308493614197,13,26,0.0
416.9573800563812,13,27,0.0
417.31718397140503,12,27,0.0
419.10071897506714,12,28,0.0
422.1673491001129,12,29,0.0
424.2178330421448,12,30,0.0
426.34209990501404,12,31,0.0
428.40052008628845,12,32,0.0
430.65406608581543,12,33,0.0
432.6328549385071,12,34,0.0
435.7306869029999,12,35,0.0
437.7341818809509,12,36,0.0
439.83592200279236,12,37,0.0
442.7788739204407,12,38,0.0
444.93658089637756,12,39,0.0
447.0502989292145,12,40,0.0
448.6143550872803,11,40,0.0
449.120197057724,11,41,0.0
451.10180592536926,11,42,0.0
453.16179609298706,11,43,0.0
456.3206219673157,11,44,0.0
473.64232301712036,10,44,0.0
476.56160593032837,9,44,0.0
478.67961406707764,8,44,0.0
481.76532196998596,7,44,0.0
484.5190579891205,6,44,0.0
487.71237897872925,5,44,0.0
489.81315088272095,4,44,0.0
489.8918979167938,4,43,0.0
491.89456701278687,3,43,0.0
493.95379090309143,2,43,0.0
496.02195405960083,1,43,0.0
498.10760593414307,0,43,0.0
501.5438120365143,0,44,0.0
503.2291810512543,-1,44,0.0
505.42712593078613,-2,44,0.0
507.29825806617737,-3,44,0.0
510.34653306007385,-4,44,0.0
513.310585975647,-5,44,0.0
515.4341330528259,-6,44,0.0
517.4695799350739,-7,44,0.0
519.6175498962402,-8,44,0.0
522.4768779277802,-9,44,0.0
524.5054268836975,-10,44,0.0
526.5503289699554,-11,44,0.0
529.3434851169586,-12,44,0.0
531.3981120586395,-13,44,0.0
533.6210930347443,-14,44,0.0
536.6977760791779,-15,44,0.0
538.6672539710999,-16,44,0.0
608.8112819194794,-17,44,0.0
612.4063680171967,-18,44,0.0
633.352639913559,-18,43,0.0
636.8510980606079,-18,42,0.0
640.3906970024109,-18,41,0.0
643.8505160808563,-18,40,0.0
648.2613348960876,-18,39,0.0
651.6822950839996,-19,39,0.0
651.8114058971405,-19,38,0.0
655.9591801166534,-19,37,0.0
660.2536549568176,-19,36,0.0
664.4731080532074,-19,35,0.0
668.5842940807343,-19,34,0.0
672.5471830368042,-19,33,0.0
676.7108318805695,-19,32,0.0
680.1070680618286,-19,31,0.0
684.2845709323883,-19,30,0.0
688.3763558864594,-19,29,0.0
691.8261399269104,-19,28,0.0
696.0915050506592,-19,27,0.0
697.6829528808594,-18,27,0.0
699.4978919029236,-18,26,0.0
703.6749849319458,-18,25,0.0
707.0514690876007,-18,24,0.0
710.6703300476074,-18,23,0.0
714.7772860527039,-18,22,0.0
718.3042950630188,-18,21,0.0
722.2830669879913,-18,20,0.0
725.7655770778656,-18,19,0.0
729.9571630954742,-18,18,0.0
733.3903460502625,-18,17,0.0
737.763505935669,-18,16,0.0
741.162122964859,-18,15,0.0
744.6941430568695,-18,14,0.0
748.0504140853882,-18,13,0.0
751.4894568920135,-18,12,0.0
756.062586069107,-18,11,0.0
758.521763086319,-17,11,0.0
759.5251619815826,-17,10,0.0
763.0012009143829,-17,9,0.0
766.3728830814362,-17,8,0.0
769.8764901161194,-17,7,0.0
773.8604431152344,-17,6,0.0
777.8787250518799,-17,5,0.0
781.9933960437775,-17,4,0.0
785.332808971405,-17,3,0.0
789.4009289741516,-17,2,0.0
793.5604610443115,-17,1,0.0
797.7475979328156,-17,0,0.0
804.6348090171814,-17,-1,0.0
808.7125129699707,-17,-2,2.538999979151413e-05
812.6657979488373,-17,-3,0.00010502000077394769
816.9509830474854,-17,-4,0.0003978199965786189
820.3410511016846,-17,-5,0.001380200032144785
823.1092939376831,-16,-5,1.4076000452041626
823.7031600475311,-16,-6,1.641800045967102
827.1649661064148,-16,-7,1.7537000179290771
831.1263809204102,-16,-8,1.715499997138977
835.314610004425,-16,-9,1.5369999408721924
839.138475894928,-16,-10,1.261199951171875
843.2912759780884,-16,-11,0.9477300047874451
846.7897078990936,-16,-12,0.6522600054740906
850.8754420280457,-16,-13,0.41113001108169556
854.2320349216461,-16,-14,0.23733000457286835
857.6561241149902,-16,-15,0.12546999752521515
861.5363700389862,-16,-16,0.060752999037504196
865.6120450496674,-16,-17,0.026940999552607536
886.1766419410706,-15,-17,0.03162899985909462
889.5677518844604,-14,-17,0.03632599860429764
893.1530170440674,-13,-17,0.040814001113176346
914.8978888988495,-13,-16,0.09575200080871582
918.5566968917847,-13,-15,0.20574000477790833
922.0467419624329,-13,-14,0.4048500061035156
925.9938089847565,-13,-13,0.7296299934387207
930.1479270458221,-12,-13,0.8453800082206726
930.5966939926147,-12,-12,1.4139000177383423
934.3258481025696,-12,-11,2.165600061416626
938.6409850120544,-12,-10,3.037899971008301
942.8599669933319,-12,-9,3.9028000831604004
946.9462220668793,-12,-8,4.592100143432617
951.7415020465851,-12,-7,4.948400020599365
955.2053730487823,-12,-6,4.883600234985352
959.248626947403,-12,-5,4.414000034332275
963.4495379924774,-12,-4,3.6538000106811523
968.362046957016,-12,-3,2.7699999809265137
973.0554130077362,-12,-2,1.923200011253357
975.5103099346161,-11,-2,2.52020001411438
977.2460560798645,-11,-1,1.6238000392913818
981.6272709369659,-11,0,0.9581999778747559
990.068197965622,-11,1,0.5178499817848206
994.4942150115967,-11,2,0.25630998611450195
998.6038870811462,-11,3,0.11618000268936157
1002.1774361133575,-11,4,0.048232998698949814
1006.8174369335175,-11,5,0.018339000642299652
1011.2530870437622,-11,6,0.006385799963027239
1015.3042891025543,-11,7,0.002036500023677945
1019.3571920394897,-11,8,0.0005947899771854281
1020.6831450462341,-10,8,0.000869939976837486
1024.046709060669,-10,9,0.00023578999389428645
1028.8667759895325,-10,10,5.852899994351901e-05
1032.365688085556,-10,11,0.0
1036.8296670913696,-10,12,0.0
1041.645898103714,-10,13,0.0
1046.710340976715,-10,14,0.0
1050.932459115982,-10,15,0.0
1054.8890419006348,-10,16,0.0
1058.905349969864,-10,17,0.0
1063.2657780647278,-10,18,0.0
1067.1480610370636,-9,18,0.0
1067.584242105484,-9,19,0.0
1071.0757539272308,-9,20,0.0
1075.0107719898224,-9,21,0.0
1079.3066511154175,-9,22,0.0
1083.3181309700012,-9,23,0.0
1087.656713962555,-9,24,0.0
1091.784008026123,-9,25,0.0
1095.8217709064484,-9,26,0.0
1100.3401370048523,-9,27,0.0
1104.9488089084625,-9,28,0.0
1109.3189840316772,-9,29,0.0
1113.494057893753,-8,29,0.0
1114.2251660823822,-8,30,0.0
1117.8070950508118,-8,31,0.0
1122.2047340869904,-8,32,0.0
1127.1882319450378,-8,33,0.0
1132.1290440559387,-8,34,0.0
1136.7807669639587,-8,35,0.0
1140.574560880661,-8,36,0.0
1145.4787759780884,-8,37,0.0
1150.0264439582825,-8,38,0.0
1153.5044620037079,-8,39,0.0
1172.745532989502,-7,39,0.0
1176.022164106369,-6,39,0.0
1179.62344288826,-5,39,0.0
1181.6133570671082,-5,38,0.0
1204.1226270198822,-5,37,0.0
1207.6033029556274,-5,36,0.0
1211.2704150676727,-5,35,0.0
1216.2939660549164,-5,34,0.0
1219.7541019916534,-5,33,0.0
1223.3843688964844,-6,33,0.0
1224.49773311615,-6,32,0.0
1229.0649240016937,-6,31,0.0
1232.9051349163055,-6,30,0.0
1236.5848739147186,-6,29,0.0
1241.315537929535,-6,28,0.0
1245.401720046997,-6,27,0.0
1247.3149979114532,-7,27,0.0
1249.7572739124298,-7,26,0.0
1253.7072401046753,-7,25,0.0
1257.9698729515076,-7,24,0.0
1262.383495092392,-7,23,0.0
1266.7229750156403,-7,22,0.0
1270.5055210590363,-7,21,0.0
1270.7409400939941,-8,21,0.0
1275.4405539035797,-8,20,0.0
1279.0467250347137,-8,19,0.0
1283.8560829162598,-8,18,0.0
1288.1194179058075,-8,17,0.0
1292.3838670253754,-8,16,0.0
1295.5523719787598,-9,16,0.0
1295.8761389255524,-9,15,0.0
1300.990562915802,-9,14,0.0
1304.8508729934692,-9,13,0.0
1309.819186925888,-9,12,0.0
1313.6563169956207,-9,11,0.0
1317.5668210983276,-9,10,8.598199929110706e-05
1320.5223860740662,-10,10,5.852899994351901e-05
1322.6959960460663,-10,9,0.00023578999389428645
1326.2508900165558,-10,8,0.000869939976837486
1330.44247508049,-10,7,0.0029394999146461487
1335.6092948913574,-10,6,0.009096800349652767
1340.0602469444275,-10,5,0.02578200027346611
1343.7105650901794,-10,4,0.06692200154066086
1344.9952239990234,-11,4,0.048232998698949814
1347.8524188995361,-11,3,0.11618000268936157
1352.6311719417572,-11,2,0.25630998611450195
1356.7445390224457,-11,1,0.5178499817848206
1360.3721768856049,-11,0,0.9581999778747559
1368.5404078960419,-11,-1,1.6238000392913818
1369.0232090950012,-12,-1,1.2229000329971313
1372.4257171154022,-12,-2,1.923200011253357
1376.9089629650116,-12,-3,2.7699999809265137
1381.203481912613,-12,-4,3.6538000106811523
1385.0305409431458,-12,-5,4.414000034332275
1389.993588924408,-12,-6,4.883600234985352
1393.40851688385,-13,-6,3.8431999683380127
1393.9213559627533,-13,-7,3.946000099182129
1397.76864695549,-13,-8,3.710400104522705
1403.0437989234924,-13,-9,3.1953999996185303
1406.4127559661865,-13,-10,2.52020001411438
1410.3753609657288,-13,-11,1.8203999996185303
1415.498430967331,-13,-12,1.204300045967102
1418.481101989746,-14,-12,1.003499984741211
1418.806967973709,-14,-13,0.6160299777984619
1422.4200410842896,-14,-14,0.3463599979877472
1426.7746229171753,-14,-15,0.17835000157356262
1431.3450860977173,-14,-16,0.08410699665546417
1434.7637600898743,-14,-17,0.03632599860429764
1439.5790030956268,-14,-18,0.014368999749422073
1464.5845460891724,-13,-18,0.015931999310851097
1468.3313369750977,-12,-18,0.017281999811530113
1471.7229869365692,-11,-18,0.018339000642299652
1491.4402940273285,-11,-17,0.048232998698949814
1495.1304550170898,-11,-16,0.11618000268936157
1498.508001089096,-11,-15,0.25630998611450195
1501.7936100959778,-11,-14,0.5178499817848206
1506.0978848934174,-11,-13,0.9581999778747559
1510.5341730117798,-11,-12,1.6238000392913818
1514.7491080760956,-11,-11,2.52020001411438
1519.3785300254822,-11,-10,3.582200050354004
1523.6644270420074,-11,-9,4.663300037384033
1527.1402509212494,-11,-8,5.559700012207031
1531.6277220249176,-11,-7,6.0706000328063965
1532.376708984375,-10,-7,7.285399913787842
1536.5969789028168,-10,-6,7.3821001052856445
1540.4273269176483,-10,-5,6.850599765777588
1544.9660758972168,-10,-4,5.822299957275391
1549.7842469215393,-10,-3,4.531899929046631
1554.0742149353027,-10,-2,3.2307000160217285
1558.6516349315643,-10,-1,2.1092000007629395
1561.971580028534,-10,0,1.261199951171875
1570.3564429283142,-10,1,0.6906200051307678
1574.8419470787048,-10,2,0.3463599979877472
1578.140783071518,-9,2,0.4578799903392792
1578.8975400924683,-9,3,0.21310000121593475
1582.969430923462,-9,4,0.09083200246095657
1587.6249649524689,-9,5,0.035457998514175415
1591.4970700740814,-9,6,0.012676999904215336
1595.6567759513855,-9,7,0.0041507999412715435
1599.8424530029297,-9,8,0.0012447000481188297
1603.6326649188995,-9,9,0.0003418400010559708
1608.332015991211,-9,10,8.598199929110706e-05
1612.5918979644775,-9,11,0.0
1617.997260093689,-9,12,0.0
1621.4260559082031,-9,13,0.0
1623.0446710586548,-8,13,0.0
1626.2130680084229,-8,14,0.0
1631.1481430530548,-8,15,0.0
1635.1795749664307,-8,16,0.0
1638.730213880539,-8,17,0.0
1642.8530759811401,-8,18,0.0
1647.2461290359497,-8,19,0.0
1652.706043958664,-8,20,0.0
1656.1432991027832,-8,21,0.0
1659.5974690914154,-8,22,0.0
1663.4177548885345,-8,23,0.0
1668.2860610485077,-8,24,0.0
1668.7017459869385,-7,24,0.0
1672.1930449008942,-7,25,0.0
1676.9714789390564,-7,26,0.0
1681.2003109455109,-7,27,0.0
1685.9745080471039,-7,28,0.0
1689.849240064621,-7,29,0.0
1694.4814200401306,-7,30,0.0
1698.3549909591675,-7,31,0.0
1702.581300020218,-7,32,0.0
1707.2538900375366,-7,33,0.0
1711.714812040329,-7,34,0.0
1712.3999419212341,-6,34,0.0
1715.569118976593,-6,35,0.0
1719.770348072052,-6,36,0.0
1807.7517459392548,-6,35,0.0
1808.0178089141846,-5,35,0.0
1811.4113519191742,-4,35,0.0
1815.02250790596,-3,35,0.0
1836.2244880199432,-3,34,0.0
1837.3078649044037,-4,34,0.0
1839.9519340991974,-4,33,0.0
1843.5758650302887,-4,32,0.0
1848.1324241161346,-4,31,0.0
1853.2672600746155,-5,31,0.0
1853.4119939804077,-5,30,0.0
1857.907644033432,-5,29,0.0
1862.3850569725037,-5,28,0.0
1867.7853260040283,-5,27,0.0
1869.2891399860382,-6,27,0.0
1871.2422189712524,-6,26,0.0
1875.3726630210876,-6,25,0.0
1881.0355100631714,-6,24,0.0
1884.3817279338837,-6,23,0.0
1884.5958468914032,-7,23,0.0
1889.4330489635468,-7,22,0.0
1893.9117600917816,-7,21,0.0
1898.9709730148315,-7,20,0.0
1901.040939092636,-8,20,0.0
1902.384677886963,-8,19,0.0
1906.4527521133423,-8,18,0.0
1911.37575507164,-8,17,0.0
1915.066309928894,-8,16,0.0
1915.9993410110474,-9,16,0.0
1919.3939480781555,-9,15,0.0
1924.593621969223,-9,14,0.0
1928.1274750232697,-9,13,0.0
1931.5994260311127,-10,13,0.0
1932.5889139175415,-10,12,0.0
1937.3566699028015,-10,11,0.0
1941.9856600761414,-10,10,5.852899994351901e-05
1946.417939901352,-10,9,0.00023578999389428645
1947.1127309799194,-11,9,0.00015910000365693122
1950.5894420146942,-11,8,0.0005947899771854281
1956.550712108612,-11,7,0.002036500023677945
1959.9485099315643,-11,6,0.006385799963027239
1963.6489760875702,-12,6,0.004385299980640411
1964.3562951087952,-12,5,0.012760999612510204
1968.6117210388184,-12,4,0.034008000046014786
1973.5845429897308,-12,3,0.08300600200891495
1977.1014358997345,-12,2,0.1855500042438507
1978.3261029720306,-13,2,0.131400004029274
1981.7909290790558,-13,1,0.27257999777793884
1987.2924139499664,-13,0,0.5178499817848206
1994.3726089000702,-14,0,0.36833998560905457
1995.3622319698334,-14,-1,0.649399995803833
2000.4409050941467,-14,-2,1.0485999584197998
2005.4852890968323,-14,-3,1.5506000518798828
2009.4779589176178,-14,-4,2.0999999046325684
2010.5062999725342,-15,-4,1.5404000282287598
2014.1356930732727,-15,-5,1.9359999895095825
2019.0624959468842,-15,-6,2.2283999919891357
2022.5396530628204,-15,-7,2.3489999771118164
2026.2619218826294,-16,-7,1.7537000179290771
2027.0451219081879,-16,-8,1.715499997138977
2031.071338891983,-16,-9,1.5369999408721924
2036.4262850284576,-16,-10,1.261199951171875
2041.1446080207825,-16,-11,0.9477300047874451
2044.3224699497223,-17,-11,0.37985000014305115
2046.1169319152832,-17,-12,0.7121999859809875
2050.3321480751038,-17,-13,1.2229000329971313
2054.772001028061,-17,-14,1.923200011253357
2058.1251308918,-17,-15,2.7699999809265137
2062.1582798957825,-17,-16,3.6538000106811523
2065.554135084152,-17,-17,4.414000034332275
2067.5155189037323,-16,-17,0.026940999552607536
2069.6990950107574,-16,-18,0.01094099972397089
2073.552295923233,-16,-19,0.004069500137120485
2077.7032849788666,-16,-20,0.0013861999614164233
2099.6170830726624,-15,-20,0.0015644000377506018
2103.0718660354614,-14,-20,0.0017269999952986836
2106.520581007004,-13,-20,0.0018650999991223216
2125.3958098888397,-13,-19,0.005696100182831287
2128.816451072693,-13,-18,0.015931999310851097
2132.222683906555,-13,-17,0.040814001113176346
2135.5951778888702,-13,-16,0.09575200080871582
2139.8952960968018,-13,-15,0.20574000477790833
2143.7273120880127,-13,-14,0.4048500061035156
2148.900995016098,-13,-13,0.7296299934387207
2152.181082010269,-13,-12,1.204300045967102
2155.711280107498,-13,-11,1.8203999996185303
2159.484242916107,-13,-10,2.52020001411438
2163.57968211174,-13,-9,3.1953999996185303
2167.9042620658875,-13,-8,3.710400104522705
2172.2488300800323,-13,-7,3.946000099182129
2176.9145500659943,-13,-6,3.8431999683380127
2181.015916109085,-13,-5,3.4282000064849854
2185.1643030643463,-13,-4,2.800600051879883
2189.4970309734344,-13,-3,2.095400094985962
2194.1946709156036,-13,-2,1.4357999563217163
2198.974767923355,-13,-1,0.9010199904441833
2203.3378229141235,-13,0,0.5178499817848206
2210.9016098976135,-12,0,0.7121999859809875
2211.997526884079,-12,1,0.37985000014305115
2215.6924769878387,-12,2,0.1855500042438507
2220.3288938999176,-12,3,0.08300600200891495
2225.240489959717,-12,4,0.034008000046014786
2228.6404900550842,-12,5,0.012760999612510204
2233.3494141101837,-12,6,0.004385299980640411
2237.7700910568237,-12,7,0.001380200032144785
2242.3377640247345,-12,8,0.0003978199965786189
2246.3156208992004,-12,9,0.00010502000077394769
2250.9534389972687,-12,10,2.538999979151413e-05
2254.922204017639,-12,11,0.0
2259.3203389644623,-12,12,0.0
2263.184310913086,-12,13,0.0
2267.6228799819946,-12,14,0.0
2271.6607580184937,-12,15,0.0
2276.286290884018,-12,16,0.0
2280.2839000225067,-12,17,0.0
2284.769390106201,-12,18,0.0
2288.9697868824005,-12,19,0.0
2293.651330947876,-12,20,0.0
2297.4273459911346,-12,21,0.0
2297.7967920303345,-11,21,0.0
2301.9855189323425,-11,22,0.0
2306.2257030010223,-11,23,0.0
2310.4831919670105,-11,24,0.0
2315.061268091202,-11,25,0.0
2319.043042898178,-11,26,0.0
2324.017110109329,-11,27,0.0
2328.144632101059,-11,28,0.0
2332.5840349197388,-11,29,0.0
2336.8923099040985,-11,30,0.0
2341.196543931961,-11,31,0.0
2346.0203518867493,-11,32,0.0
2350.3348410129547,-11,33,0.0
2354.578402042389,-11,34,0.0
2359.167244911194,-11,35,0.0
2380.143721103668,-10,35,0.0
2383.5828790664673,-9,35,0.0
2387.1180589199066,-8,35,0.0
2408.437308073044,-8,34,0.0
2412.1051919460297,-8,33,0.0
2415.4584720134735,-8,32,0.0
2417.659698009491,-9,32,0.0
2419.999845981598,-9,31,0.0
2424.2999770641327,-9,30,0.0
2428.5102019309998,-9,29,0.0
2432.0640919208527,-10,29,0.0
2432.665580034256,-10,28,0.0
2437.124053001404,-10,27,0.0
2441.2570540905,-10,26,0.0
2446.8570029735565,-10,25,0.0
2447.092742919922,-11,25,0.0
2450.456811904907,-11,24,0.0
2454.1718509197235,-11,23,0.0
2458.6703510284424,-11,22,0.0
2460.146229982376,-12,22,0.0
2463.081890106201,-12,21,0.0
2468.080888032913,-12,20,0.0
2471.738620996475,-12,19,0.0
2475.0696868896484,-13,19,0.0
2476.0768439769745,-13,18,0.0
2481.18838596344,-13,17,0.0
2484.548096895218,-13,16,0.0
2489.057286977768,-13,15,0.0
2489.8988320827484,-14,15,0.0
2494.1851580142975,-14,14,0.0
2498.3051419258118,-14,13,0.0
2502.211443901062,-14,12,0.0
2503.9464581012726,-15,12,0.0
2506.2064349651337,-15,11,0.0
2511.0991549491882,-15,10,6.151999969006283e-06
2516.9536719322205,-15,9,2.6473000616533682e-05
2519.0644750595093,-16,9,1.600399991730228e-05
2520.5855870246887,-16,8,6.390699854819104e-05
2524.577481985092,-16,7,0.0002337199985049665
2529.249293088913,-16,6,0.0007828400121070445
2533.040219068527,-17,6,0.0
2533.3793580532074,-17,5,0.0
2538.03630900383,-17,4,0.0
2542.6648359298706,-17,3,0.0
2548.610965013504,-17,2,0.0
2552.989054918289,-17,1,0.0
2553.9322550296783,-18,1,0.0
2557.2283120155334,-18,0,0.0
2565.2927889823914,-18,-1,0.0
2566.6536819934845,-17,-1,0.0
2569.3508639335632,-17,-2,2.538999979151413e-05
2572.8874530792236,-17,-3,0.00010502000077394769
2576.7083370685577,-17,-4,0.0003978199965786189
2580.766396999359,-17,-5,0.001380200032144785
2584.304344892502,-17,-6,0.004385299980640411
2588.037981033325,-17,-7,0.012760999612510204
2591.7950100898743,-17,-8,0.034008000046014786
2595.1696560382843,-17,-9,0.08300600200891495
2599.348424911499,-17,-10,0.1855500042438507
2602.870246887207,-17,-11,0.37985000014305115
2606.9700429439545,-17,-12,0.7121999859809875
2610.916351079941,-17,-13,1.2229000329971313
2614.37251996994,-17,-14,1.923200011253357
2618.321144104004,-17,-15,2.7699999809265137
2621.252624988556,-16,-15,0.12546999752521515
2621.985235929489,-16,-16,0.060752999037504196
2626.343559026718,-16,-17,0.026940999552607536
2629.76828789711,-16,-18,0.01094099972397089
2633.0981979370117,-16,-19,0.004069500137120485
2637.511337041855,-16,-20,0.0013861999614164233
2640.7494130134583,-16,-21,4.663300037384033
2644.2644979953766,-16,-22,3.582200050354004
2647.6768341064453,-16,-23,2.52020001411438
2670.050132036209,-15,-23,2.8691000938415527
2673.4727630615234,-14,-23,3.1953999996185303
2676.9416189193726,-13,-23,3.481300115585327
2699.3109560012817,-13,-22,5.148099899291992
2702.651482105255,-13,-21,6.972099781036377
2706.1872370243073,-13,-20,0.0018650999991223216
2709.839334011078,-13,-19,0.005696100182831287
2714.6799359321594,-13,-18,0.015931999310851097
2718.5124769210815,-13,-17,0.040814001113176346
2722.717873096466,-13,-16,0.09575200080871582
2726.736922979355,-13,-15,0.20574000477790833
2730.2568349838257,-13,-14,0.4048500061035156
2734.5498049259186,-13,-13,0.7296299934387207
2735.0687379837036,-12,-13,0.8453800082206726
2739.0869250297546,-12,-12,1.4139000177383423
2743.434662103653,-12,-11,2.165600061416626
2746.757378101349,-12,-10,3.037899971008301
2751.207156896591,-12,-9,3.9028000831604004
2755.6978480815887,-12,-8,4.592100143432617
2760.0422010421753,-12,-7,4.948400020599365
2763.85742688179,-12,-6,4.883600234985352
2768.119656085968,-12,-5,4.414000034332275
2772.540719985962,-12,-4,3.6538000106811523
2777.252613067627,-12,-3,2.7699999809265137
2780.39319896698,-12,-2,1.923200011253357
2784.869209051132,-12,-1,1.2229000329971313
2788.618691921234,-12,0,0.7121999859809875
2797.376457929611,-12,1,0.37985000014305115
2802.112282037735,-12,2,0.1855500042438507
2805.4495549201965,-12,3,0.08300600200891495
2808.9356870651245,-12,4,0.034008000046014786
2813.3257219791412,-12,5,0.012760999612510204
2816.648391008377,-12,6,0.004385299980640411
2820.356160879135,-12,7,0.001380200032144785
2824.1899139881134,-12,8,0.0003978199965786189
2828.5716829299927,-12,9,0.00010502000077394769
2831.937916994095,-12,10,2.538999979151413e-05
2836.0725140571594,-12,11,0.0
2840.354791879654,-12,12,0.0
2844.6190280914307,-12,13,0.0
2848.842938899994,-12,14,0.0
2853.5395679473877,-12,15,0.0
2857.2171580791473,-12,16,0.0
2860.1614429950714,-11,16,0.0
2861.3131330013275,-11,17,0.0
2865.399193048477,-11,18,0.0
2869.4711339473724,-11,19,0.0
2873.061947107315,-11,20,0.0
2877.2498619556427,-11,21,0.0
2881.8362929821014,-11,22,0.0
2886.0999970436096,-11,23,0.0
2889.964943885803,-11,24,0.0
2894.34330201149,-11,25,0.0
2899.3375000953674,-11,26,0.0
2902.9472699165344,-11,27,0.0
2906.7077219486237,-11,28,0.0
2911.2387340068817,-11,29,0.0
2915.6785759925842,-11,30,0.0
2919.1160039901733,-11,31,0.0
2923.442827939987,-11,32,0.0
2928.297439098358,-11,33,0.0
2950.16273188591,-10,33,0.0
2953.6463000774384,-9,33,0.0
2957.1483941078186,-8,33,0.0
2978.9168000221252,-8,32,0.0
2982.4767780303955,-8,31,0.0
2986.0450620651245,-8,30,0.0
2986.8137440681458,-9,30,0.0
2990.159287929535,-9,29,0.0
2994.8052060604095,-9,28,0.0
2999.928391933441,-9,27,0.0
3002.0424869060516,-10,27,0.0
3004.157432079315,-10,26,0.0
3008.697688102722,-10,25,0.0
3014.895416021347,-10,24,0.0
3018.3018679618835,-10,23,0.0
3018.4447429180145,-11,23,0.0
3023.1069350242615,-11,22,0.0
3027.268222093582,-11,21,0.0
3032.693046092987,-11,20,0.0
3034.207773923874,-12,20,0.0
3036.3667690753937,-12,19,0.0
3040.9118320941925,-12,18,0.0
3045.112226009369,-12,17,0.0
3048.6266820430756,-13,17,0.0
3049.7913188934326,-13,16,0.0
3054.084713935852,-13,15,0.0
3058.3819859027863,-13,14,0.0
3062.969202041626,-13,13,0.0
3064.6848158836365,-14,13,0.0
3067.481852054596,-14,12,0.0
3072.787812948227,-14,11,0.0
3076.8942110538483,-14,10,1.0087000191560946e-05
3079.76407289505,-15,10,6.151999969006283e-06
3082.5726549625397,-15,9,2.6473000616533682e-05
3086.265685081482,-15,8,0.00010432999988552183
3090.9585371017456,-15,7,0.0003765499859582633
3094.9651539325714,-15,6,0.0012447000481188297
3095.364520072937,-16,6,0.0007828400121070445
3099.6818420886993,-16,5,0.00240139989182353
3104.3443319797516,-16,4,0.006746499799191952
3109.6098639965057,-16,3,0.017357999458909035
3111.1417140960693,-17,3,0.0
3113.1763899326324,-17,2,0.0
3117.29442691803,-17,1,0.0
3122.613130092621,-17,0,0.0
3131.7275030612946,-17,-1,0.0
3135.842628955841,-17,-2,2.538999979151413e-05
3140.80952501297,-17,-3,0.00010502000077394769
3144.0676391124725,-17,-4,0.0003978199965786189
3147.530919075012,-17,-5,0.001380200032144785
3151.544056892395,-17,-6,0.004385299980640411
3155.637221097946,-17,-7,0.012760999612510204
3159.858458042145,-17,-8,0.034008000046014786
3163.3479719161987,-17,-9,0.08300600200891495
3167.3674919605255,-17,-10,0.1855500042438507
3171.5993440151215,-17,-11,0.37985000014305115
3175.0456988811493,-17,-12,0.7121999859809875
3176.7567279338837,-16,-12,0.6522600054740906
3178.5827460289,-16,-13,0.41113001108169556
3182.1052780151367,-16,-14,0.23733000457286835
3185.9141240119934,-16,-15,0.12546999752521515
3189.2932109832764,-16,-16,0.060752999037504196
3193.4305160045624,-16,-17,0.026940999552607536
3196.8269081115723,-16,-18,0.01094099972397089
3201.1287410259247,-16,-19,0.004069500137120485
3204.340533018112,-16,-20,0.0013861999614164233
3207.8695271015167,-16,-21,4.663300037384033
3212.3057770729065,-16,-22,3.582200050354004
3215.755995988846,-16,-23,2.52020001411438
3216.3871738910675,-15,-23,2.8691000938415527
3219.075474023819,-15,-24,1.8243999481201172
3222.4346630573273,-15,-25,1.0625
3244.9320809841156,-14,-25,1.152500033378601
3248.277857065201,-13,-25,1.2229000329971313
3251.990900039673,-12,-25,1.2695000171661377
3271.8137679100037,-12,-24,2.267899990081787
3275.4066400527954,-12,-23,3.710400104522705
3278.7774651050568,-12,-22,5.559700012207031
3282.617443084717,-12,-21,7.6296000480651855
3286.9233179092407,-12,-20,0.0019704001024365425
3291.8718779087067,-12,-19,0.006097699981182814
3296.2432889938354,-12,-18,0.017281999811530113
3300.1974449157715,-12,-17,0.04485899955034256
3301.866287946701,-11,-17,0.048232998698949814
3304.593167066574,-11,-16,0.11618000268936157
3308.740499019623,-11,-15,0.25630998611450195
3313.1116230487823,-11,-14,0.5178499817848206
3316.554480075836,-11,-13,0.9581999778747559
3320.8665800094604,-11,-12,1.6238000392913818
3325.4611558914185,-11,-11,2.52020001411438
3329.4950199127197,-11,-10,3.582200050354004
3333.857100009918,-11,-9,4.663300037384033
3337.241478919983,-11,-8,5.559700012207031
3339.782313108444,-10,-8,6.58489990234375
3341.205076932907,-10,-7,7.285399913787842
3346.023350954056,-10,-6,7.3821001052856445
3349.342080116272,-10,-5,6.850599765777588
3353.800160884857,-10,-4,5.822299957275391
3357.9422550201416,-10,-3,4.531899929046631
3362.877242088318,-10,-2,3.2307000160217285
3366.594608068466,-10,-1,2.1092000007629395
3371.2674350738525,-10,0,1.261199951171875
3378.5355060100555,-9,0,1.6238000392913818
3380.5495870113373,-9,1,0.9010199904441833
3384.7114679813385,-9,2,0.4578799903392792
3388.529221057892,-9,3,0.21310000121593475
3392.4450109004974,-9,4,0.09083200246095657
3396.8932490348816,-9,5,0.035457998514175415
3400.31892991066,-9,6,0.012676999904215336
3404.0139639377594,-9,7,0.0041507999412715435
3408.550831079483,-9,8,0.0012447000481188297
3412.539083003998,-9,9,0.0003418400010559708
3416.594058036804,-9,10,8.598199929110706e-05
3417.350459098816,-8,10,0.00012357000377960503
3420.7372529506683,-8,11,0.0
3424.75071310997,-8,12,0.0
3429.2865319252014,-8,13,0.0
3433.3396649360657,-8,14,0.0
3437.3882369995117,-8,15,0.0
3441.0280690193176,-8,16,0.0
3445.275176048279,-8,17,0.0
3449.975630044937,-8,18,0.0
3454.998528957367,-8,19,0.0
3455.924994945526,-7,19,0.0
3460.2603330612183,-7,20,0.0
3464.225481033325,-7,21,0.0
3468.673600912094,-7,22,0.0
3472.4416348934174,-7,23,0.0
3477.0999369621277,-7,24,0.0
3482.8846809864044,-7,25,0.0
3486.1379330158234,-7,26,0.0
3490.011229991913,-7,27,0.0
3494.1237490177155,-7,28,0.0
3495.9966909885406,-6,28,0.0
3498.720776081085,-6,29,0.0
3502.074249982834,-6,30,0.0
3506.5202219486237,-6,31,0.0
3531.2374470233917,-5,31,0.0
3534.607547044754,-4,31,0.0
3538.0514340400696,-3,31,0.0
3560.1236419677734,-3,30,0.0
3563.6927580833435,-3,29,0.0
3567.882208108902,-3,28,0.0
3569.250514984131,-4,28,0.0
3571.897052049637,-4,27,0.0
3576.212765932083,-4,26,0.0
3580.1843490600586,-4,25,0.0
3584.279156923294,-4,24,0.0
3588.484596014023,-4,23,0.0
3592.965061903,-4,22,0.0
3594.8944458961487,-5,22,0.0
3597.8844590187073,-5,21,0.0
3601.3238248825073,-5,20,0.0
3605.558219909668,-5,19,0.0
3609.8596580028534,-5,18,0.0
3613.9042069911957,-5,17,0.0
3618.5607509613037,-5,16,0.0
3621.3614819049835,-6,16,0.0
3622.8409559726715,-6,15,0.0
3626.556937932968,-6,14,0.0
3631.3060450553894,-6,13,0.0
3634.5686020851135,-6,12,0.0
3638.8523280620575,-6,11,0.0
3643.1789429187775,-6,10,0.00023891999444458634
3646.7166590690613,-7,10,0.00017371999274473637
3647.4639620780945,-7,9,0.0006726899882778525
3652.1009340286255,-7,8,0.0023856000043451786
3656.598860025406,-7,7,0.007748300209641457
3660.347776889801,-7,6,0.023048000410199165
3664.9935960769653,-7,5,0.06278900057077408
3669.1699800491333,-7,4,0.15666000545024872
3672.212732076645,-8,4,0.12060999870300293
3672.6347029209137,-8,3,0.27924999594688416
3678.000231027603,-8,2,0.5921400189399719
3682.880753993988,-8,1,1.149999976158142
3686.999099969864,-8,0,2.045300006866455
3695.240569114685,-8,-1,3.3315999507904053
3698.992173910141,-9,-2,4.051400184631348
3703.544671058655,-9,-3,5.608799934387207
3707.067822933197,-9,-4,7.111400127410889
3710.788463115692,-9,-5,8.257699966430664
3714.9106640815735,-9,-6,8.781900405883789
3718.8281478881836,-9,-7,8.553299903869629
3722.396560907364,-9,-8,7.6296000480651855
3723.979835987091,-10,-8,6.58489990234375
3727.288894891739,-10,-9,5.450799942016602
3731.5750889778137,-10,-10,4.132299900054932
3735.0615429878235,-10,-11,2.8691000938415527
3739.079159975052,-10,-12,1.8243999481201172
3743.6160700321198,-10,-13,1.0625
3748.3331940174103,-10,-14,0.5666800141334534
3751.0517570972443,-11,-14,0.5178499817848206
3752.8771510124207,-11,-15,0.25630998611450195
3756.6550059318542,-11,-16,0.11618000268936157
3760.6200540065765,-11,-17,0.048232998698949814
3764.7630228996277,-11,-18,0.018339000642299652
3769.7149229049683,-11,-19,0.006385799963027239
3772.8205211162567,-11,-20,0.002036500023677945
3777.1077818870544,-12,-20,0.0019704001024365425
3777.718719959259,-12,-21,7.6296000480651855
3781.5555601119995,-12,-22,5.559700012207031
3785.4896380901337,-12,-23,3.710400104522705
3789.5294530391693,-12,-24,2.267899990081787
3794.289290904999,-12,-25,1.2695000171661377
3821.7662971019745,-11,-25,1.289199948310852
3825.070625066757,-10,-25,1.2806999683380127
3828.5914709568024,-9,-25,1.2446000576019287
3849.8529810905457,-9,-24,2.313199996948242
3853.3663399219513,-9,-23,3.937299966812134
3856.6945469379425,-9,-22,6.137700080871582
3860.511876106262,-9,-21,8.76259994506836
3864.9344339370728,-9,-20,0.002036500023677945
3868.919924020767,-9,-19,0.0065564000979065895
3873.3788170814514,-9,-18,0.019331999123096466
3877.1340460777283,-9,-17,0.05220500007271767
3881.3787479400635,-9,-16,0.12910999357700348
3885.648724079132,-9,-15,0.2924399971961975
3889.9449169635773,-9,-14,0.6066300272941589
3894.0635120868683,-9,-13,1.152500033378601
3898.8400321006775,-9,-12,2.005199909210205
3902.541007041931,-9,-11,3.1953999996185303
3906.8380908966064,-9,-10,4.663300037384033
3910.9636991024017,-9,-9,6.232800006866455
3915.01598405838,-9,-8,7.6296000480651855
3919.536679983139,-9,-7,8.553299903869629
3923.8810999393463,-9,-6,8.781900405883789
3928.3304789066315,-9,-5,8.257699966430664
3931.6766080856323,-9,-4,7.111400127410889
3935.8563940525055,-9,-3,5.608799934387207
3939.7971720695496,-9,-2,4.051400184631348
3943.736258983612,-9,-1,2.6802000999450684
3948.255846977234,-9,0,1.6238000392913818
3956.485517978668,-9,1,0.9010199904441833
3959.7234239578247,-9,2,0.4578799903392792
3963.2494580745697,-9,3,0.21310000121593475
3967.036067008972,-9,4,0.09083200246095657
3971.1769700050354,-9,5,0.035457998514175415
3975.305660009384,-9,6,0.012676999904215336
3979.5457599163055,-9,7,0.0041507999412715435
3983.6044220924377,-9,8,0.0012447000481188297
3987.850310087204,-9,9,0.0003418400010559708
3992.0032670497894,-9,10,8.598199929110706e-05
3996.698182106018,-9,11,0.0
4000.3404150009155,-9,12,0.0
4004.9678139686584,-9,13,0.0
4009.402808904648,-9,14,0.0
4012.707165002823,-9,15,0.0
4016.1028718948364,-9,16,0.0
4019.9285800457,-8,16,0.0
4020.557303905487,-8,17,0.0
4024.3776330947876,-8,18,0.0
4028.603364944458,-8,19,0.0
4032.0736639499664,-8,20,0.0
4036.485212087631,-8,21,0.0
4040.738760948181,-8,22,0.0
4045.178906917572,-8,23,0.0
4049.4289059638977,-8,24,0.0
4053.860102891922,-8,25,0.0
4057.3873949050903,-8,26,0.0
4061.1741869449615,-8,27,0.0
4065.46541595459,-8,28,0.0
4069.6249430179596,-8,29,0.0
4073.9955649375916,-8,30,0.0
4077.691740989685,-8,31,0.0
4100.154818058014,-7,31,0.0
4103.700400114059,-6,31,0.0
4106.918286085129,-5,31,0.0
4126.752397060394,-5,30,0.0
4130.265641927719,-5,29,0.0
4132.033754110336,-6,29,0.0
4133.813210010529,-6,28,0.0
4137.976349115372,-6,27,0.0
4141.5929300785065,-6,26,0.0
4147.000528097153,-6,25,0.0
4147.4985411167145,-7,25,0.0
4151.31552696228,-7,24,0.0
4155.606782913208,-7,23,0.0
4159.811790943146,-7,22,0.0
4163.347615003586,-8,22,0.0
4164.585369110107,-8,21,0.0
4169.812414884567,-8,20,0.0
4174.164282083511,-8,19,0.0
4178.8984088897705,-8,18,0.0
4180.182135105133,-9,18,0.0
4183.052819013596,-9,17,0.0
4186.557279109955,-9,16,0.0
4191.361109972,-9,15,0.0
4194.878396034241,-9,14,0.0
4195.115094900131,-10,14,0.0
4199.009934902191,-10,13,0.0
4204.369635105133,-10,12,0.0
4208.016998052597,-10,11,0.0
4210.497050046921,-11,11,0.0
4211.785712003708,-11,10,3.8974998460616916e-05
4216.142095088959,-11,9,0.00015910000365693122
4220.627100944519,-11,8,0.0005947899771854281
4225.043464899063,-11,7,0.002036500023677945
4227.222120046616,-12,7,0.001380200032144785
4229.5323441028595,-12,6,0.004385299980640411
4234.360728025436,-12,5,0.012760999612510204
4239.014497995377,-12,4,0.034008000046014786
4244.047545909882,-13,4,0.0234570000320673
4244.1817400455475,-13,3,0.05801299959421158
4248.58522605896,-13,2,0.131400004029274
4254.42896604538,-13,1,0.27257999777793884
4257.6682341098785,-13,0,0.5178499817848206
4260.728425979614,-14,0,0.36833998560905457
4266.887283086777,-14,-1,0.649399995803833
4271.895873069763,-14,-2,1.0485999584197998
4276.914792060852,-14,-3,1.5506000518798828
4277.2694439888,-15,-3,1.122499942779541
4281.290889978409,-15,-4,1.5404000282287598
4284.9692668914795,-15,-5,1.9359999895095825
4289.461460113525,-15,-6,2.2283999919891357
4292.7636868953705,-16,-6,1.641800045967102
4293.859915018082,-16,-7,1.7537000179290771
4299.5427939891815,-16,-8,1.715499997138977
4304.794939041138,-16,-9,1.5369999408721924
4309.127126932144,-16,-10,1.261199951171875
4313.322386980057,-16,-11,0.9477300047874451
4317.256572008133,-16,-12,0.6522600054740906
4321.79151391983,-16,-13,0.41113001108169556
4325.414355039597,-16,-14,0.23733000457286835
4327.933682918549,-15,-14,0.28988000750541687
4329.327188014984,-15,-15,0.15125000476837158
4332.829689025879,-15,-16,0.07227300107479095
4336.92729306221,-15,-17,0.03162899985909462
4340.338887929916,-15,-18,0.012676999904215336
4344.397953033447,-15,-19,0.004653399810194969
4348.045439004898,-15,-20,0.0015644000377506018
4352.2786700725555,-15,-21,5.450799942016602
4355.746562004089,-15,-22,4.132299900054932
4359.260740041733,-14,-22,4.663300037384033
4359.852498054504,-14,-23,3.1953999996185303
4363.553040027618,-14,-24,2.005199909210205
4367.7691469192505,-14,-25,1.152500033378601
4371.172403097153,-14,-26,0.6066300272941589
4374.583256006241,-14,-27,0.2924399971961975
4397.296982049942,-13,-27,0.3022400140762329
4400.727282047272,-12,-27,0.3055799901485443
4404.194098949432,-11,-27,0.3022400140762329
4426.560250043869,-11,-26,0.6522600054740906
4429.93798995018,-11,-25,1.289199948310852
4433.45663189888,-11,-24,2.3336000442504883
4437.389877080917,-11,-23,3.8687000274658203
4440.818222999573,-11,-22,5.873700141906738
4444.779577970505,-11,-21,8.167499542236328
4448.783472061157,-11,-20,0.002036500023677945
4453.225406885147,-11,-19,0.006385799963027239
4457.159168958664,-11,-18,0.018339000642299652
4461.272157907486,-11,-17,0.048232998698949814
4465.562525033951,-11,-16,0.11618000268936157
4469.974570035934,-11,-15,0.25630998611450195
4473.875771999359,-11,-14,0.5178499817848206
4478.032654047012,-11,-13,0.9581999778747559
4482.743413925171,-11,-12,1.6238000392913818
4486.606734037399,-11,-11,2.52020001411438
4491.26144194603,-11,-10,3.582200050354004
4495.1347670555115,-11,-9,4.663300037384033
4499.2178699970245,-11,-8,5.559700012207031
4503.6996738910675,-11,-7,6.0706000328063965
4507.96027302742,-11,-6,6.0706000328063965
4512.015834093094,-11,-5,5.559700012207031
4515.407329082489,-11,-4,4.663300037384033
4519.719742059708,-11,-3,3.582200050354004
4523.970894098282,-11,-2,2.52020001411438
4528.157680988312,-11,-1,1.6238000392913818
4532.003562927246,-11,0,0.9581999778747559
4540.120805025101,-11,1,0.5178499817848206
4544.66593003273,-11,2,0.25630998611450195
4549.537487030029,-11,3,0.11618000268936157
4552.973826885223,-11,4,0.048232998698949814
4557.641196966171,-11,5,0.018339000642299652
4561.528772115707,-11,6,0.006385799963027239
4565.743859052658,-11,7,0.002036500023677945
4569.705943107605,-11,8,0.0005947899771854281
4573.981390953064,-11,9,0.00015910000365693122
4578.59254193306,-11,10,3.8974998460616916e-05
4583.280792951584,-11,11,0.0
4586.479252099991,-11,12,0.0
4590.647725105286,-11,13,0.0
4595.178247928619,-11,14,0.0
4599.367269992828,-11,15,0.0
4604.0618278980255,-11,16,0.0
4605.136658906937,-12,16,0.0
4607.6962859630585,-12,17,0.0
4612.477395057678,-12,18,0.0
4615.887799978256,-12,19,0.0
4620.010453939438,-12,20,0.0
4624.271718978882,-12,21,0.0
4628.333079099655,-12,22,0.0
4632.075721025467,-12,23,0.0
4636.322880029678,-12,24,0.0
4640.1903829574585,-12,25,0.0
4644.702863931656,-12,26,0.0
4648.595653057098,-12,27,0.0
4652.984447956085,-12,28,0.0
4656.856242895126,-12,29,0.0
4676.891942977905,-11,29,0.0
4680.269457101822,-10,29,0.0
4683.846888065338,-9,29,0.0
4705.86428809166,-9,28,0.0
4709.63561296463,-9,27,0.0
4713.032917022705,-9,26,0.0
4717.8314690589905,-9,25,0.0
4722.139395952225,-10,24,0.0
4726.18114900589,-10,23,0.0
4730.9463839530945,-10,22,0.0
4735.368675947189,-10,21,0.0
4739.348758935928,-10,20,0.0
4742.609560012817,-11,20,0.0
4744.2592170238495,-11,19,0.0
4749.4914700984955,-11,18,0.0
4752.6622569561005,-11,17,0.0
4756.421467065811,-11,16,0.0
4761.111793041229,-11,15,0.0
4762.282963037491,-12,15,0.0
4766.027781009674,-12,14,0.0
4769.755909919739,-12,13,0.0
4773.654424905777,-12,12,0.0
4778.368403911591,-12,11,0.0
4782.334014892578,-13,11,0.0
4783.116955041885,-13,10,1.6179999875021167e-05
4787.602989912033,-13,9,6.781399861210957e-05
4791.76126408577,-13,8,0.00026030000299215317
4796.0538449287415,-13,7,0.0009150399710051715
4800.765773057938,-13,6,0.0029460000805556774
4802.347965955734,-14,6,0.0019360999576747417
4804.713156938553,-14,5,0.0057843998074531555
4809.0273270606995,-14,4,0.015828000381588936
4812.740081071854,-14,3,0.039664000272750854
4817.193907022476,-14,2,0.0910319983959198
4821.604161977768,-15,2,0.061694998294115067
4822.159780025482,-15,1,0.131400004029274
4827.194758892059,-15,0,0.25630998611450195
4836.350048065186,-15,-1,0.4578799903392792
4839.914036035538,-15,-2,0.7491300106048584
4842.51155090332,-16,-2,0.5235700011253357
4845.354295969009,-16,-3,0.794920027256012
4849.288944005966,-16,-4,1.1053999662399292
4856.1149361133575,-16,-5,1.4076000452041626
4860.163109064102,-16,-6,1.641800045967102
4864.089555025101,-16,-7,1.7537000179290771
4868.48575592041,-16,-8,1.715499997138977
4872.559365034103,-16,-9,1.5369999408721924
4876.035089015961,-16,-10,1.261199951171875
4880.003473043442,-16,-11,0.9477300047874451
4884.296788930893,-16,-12,0.6522600054740906
4886.031359910965,-15,-12,0.8179600238800049
4887.992172956467,-15,-13,0.5088199973106384
4891.457003116608,-15,-14,0.28988000750541687
4895.4598689079285,-15,-15,0.15125000476837158
4899.549515008926,-15,-16,0.07227300107479095
4903.056097984314,-15,-17,0.03162899985909462
4907.198107004166,-15,-18,0.012676999904215336
4911.025409936905,-15,-19,0.004653399810194969
4914.619832038879,-15,-20,0.0015644000377506018
4915.849914073944,-14,-20,0.0017269999952986836
4918.677215099335,-14,-21,6.232800006866455
4922.139600992203,-14,-22,4.663300037384033
4926.516745090485,-14,-23,3.1953999996185303
4930.109102964401,-14,-24,2.005199909210205
4933.455669879913,-14,-25,1.152500033378601
4936.921277046204,-14,-26,0.6066300272941589
4941.001494884491,-14,-27,0.2924399971961975
4942.544121026993,-13,-27,0.3022400140762329
4944.426239967346,-13,-28,0.13168999552726746
4947.741166114807,-13,-29,0.052549999207258224
5038.438591003418,-12,-29,0.05174800008535385
5041.926238059998,-11,-29,0.04984999820590019
5045.232537984848,-10,-29,0.04697800055146217
5049.016366004944,-9,-29,0.04330899938941002
5053.168015956879,-8,-29,0.039058998227119446
5057.416785001755,-7,-29,0.034460000693798065
5061.435751914978,-6,-29,0.02974100038409233
5065.664634943008,-5,-29,0.025110999122262
5070.264584064484,-4,-29,0.020741000771522522
5072.364979982376,-4,-28,0.058524999767541885
5074.702291965485,-3,-28,0.047915998846292496
5078.791954040527,-2,-28,0.038378000259399414
5083.1820499897,-1,-28,0.030069999396800995
5086.936899900436,0,-28,0.023048000410199165
5094.637754917145,1,-28,0.017281999811530113
5098.996845006943,2,-28,0.012676999904215336
5102.9988379478455,3,-28,0.009096800349652767
5106.685872077942,4,-28,0.006385799963027239
5111.131376028061,5,-28,0.004385299980640411
5114.420938014984,6,-28,0.0029460000805556774
5115.369797945023,6,-27,0.008686400018632412
5118.278302907944,7,-27,0.0057843998074531555
5122.374927997589,8,-27,0.0037682000547647476
5126.326751947403,9,-27,0.00240139989182353
5130.264182090759,10,-27,0.0
5134.305255889893,11,-27,0.0
5138.866997003555,12,-27,0.0
5142.74338889122,13,-27,0.0
5146.659125089645,14,-27,0.0
5169.522223949432,14,-26,0.0
5172.830770969391,14,-25,0.0
5176.312710046768,14,-24,0.0
5199.581924915314,13,-24,0.0
5203.077054977417,12,-24,0.0
5206.499459981918,11,-24,0.0
5209.928788900375,10,-24,0.0
5213.364620923996,9,-24,0.0409029982984066
5217.442607879639,8,-23,0.131400004029274
5221.72004199028,7,-23,0.19133999943733215
5225.863476991653,6,-23,0.27257999777793884
5230.073152065277,5,-23,0.37985000014305115
5234.215321063995,4,-23,0.5178499817848206
5238.112914085388,3,-23,0.6906200051307678
5242.694628953934,2,-23,0.9010199904441833
5246.246193885803,1,-23,1.149999976158142
5250.821559906006,0,-23,1.4357999563217163
5258.767410993576,-1,-23,1.7537000179290771
5263.253601074219,-1,-22,3.037899971008301
5263.408991098404,-2,-22,3.582200050354004
5267.341665029526,-3,-22,4.132299900054932
5271.379893064499,-4,-22,4.663300037384033
5275.797739982605,-5,-22,5.148099899291992
5280.497828006744,-6,-22,5.559700012207031
5284.992000102997,-7,-22,5.873700141906738
5288.929308891296,-8,-22,6.0706000328063965
5293.189280986786,-9,-22,6.137700080871582
5298.724929094315,-10,-22,6.0706000328063965
5302.079879999161,-11,-22,5.873700141906738
5305.540752887726,-12,-22,5.559700012207031
5309.557658910751,-13,-22,5.148099899291992
5310.101376056671,-13,-21,6.972099781036377
5337.353008031845,-13,-20,0.0018650999991223216
5340.596684932709,-13,-19,0.005696100182831287
5344.038749933243,-13,-18,0.015931999310851097
5365.414127111435,-12,-18,0.017281999811530113
5367.275257110596,-12,-19,0.006097699981182814
5369.015450954437,-11,-19,0.006385799963027239
5372.47608089447,-10,-19,0.006541999988257885
5377.5205409526825,-9,-19,0.0065564000979065895
5380.824583053589,-8,-19,0.006428000051528215
5386.061675071716,-7,-19,0.006165099795907736
5390.045720100403,-6,-19,0.0057843998074531555
5394.1772429943085,-5,-19,0.005309300031512976
5398.133625984192,-4,-19,0.004767199978232384
5399.777908086777,-4,-20,0.0013861999614164233
5402.493907928467,-3,-20,0.0012016999535262585
5407.13863492012,-2,-20,0.001019099960103631
5411.749569892883,-1,-20,0.000845430011395365
5415.773345947266,0,-20,0.0006861200090497732
5424.657803058624,1,-20,0.0005447299918159842
5428.534435033798,2,-20,0.00042307001422159374
5432.282548904419,3,-20,0.0003214399912394583
5433.338545084,3,-21,2.1092000007629395
5436.420449018478,4,-21,1.6238000392913818
5440.776154994965,5,-21,1.2229000329971313
5444.698832035065,6,-21,0.9010199904441833
5448.699078083038,7,-21,0.649399995803833
5453.25491309166,8,-21,0.4578799903392792
5457.232305049896,9,-21,0.31582000851631165
5461.490906000137,10,-21,0.0
5464.9348039627075,10,-22,0.0
5465.307425022125,11,-22,0.0
5469.988564968109,12,-22,0.0
5474.091346979141,13,-22,0.0
5478.393512010574,14,-22,0.0
